SET session_replication_role = replica;

--
-- PostgreSQL database dump
--

-- Dumped from database version 17.4
-- Dumped by pg_dump version 17.4

SET statement_timeout = 0;
SET lock_timeout = 0;
SET idle_in_transaction_session_timeout = 0;
SET transaction_timeout = 0;
SET client_encoding = 'UTF8';
SET standard_conforming_strings = on;
SELECT pg_catalog.set_config('search_path', '', false);
SET check_function_bodies = false;
SET xmloption = content;
SET client_min_messages = warning;
SET row_security = off;

--
-- Data for Name: customers; Type: TABLE DATA; Schema: public; Owner: postgres
--

COPY "public"."customers" ("id", "nombre", "telefono") FROM stdin;
eaa07600-d0f1-452a-ae7b-6ad8b58f24c4	Javier	3105046328
ebd3c2f8-065f-4a44-8d53-330d736d9647	Briyith	3046319664
0cf14e74-a586-47c8-8d24-52547bdd464b	Miguel	3014853312
1f21b2a6-02db-41be-95ec-4e13a6cb6942	Gloria Rosero	3014128705
445fa2d2-94bc-4ec1-9ae8-928be375b5b7	Karol Bastidas Mora	3116280277
deecc8eb-6346-4154-a540-79462d987083	belen	3103908144
7ee086b5-a58a-4dd5-bb7a-a44a7b81b3c2	Savia Col	3103908144
\.


--
-- Data for Name: gastos; Type: TABLE DATA; Schema: public; Owner: postgres
--

COPY "public"."gastos" ("id", "descripcion", "monto", "categoria", "fecha", "metodopago", "created_at") FROM stdin;
6db8a875-8b34-4c08-b3a1-df3acb049c1b	domicilio carne	5000	Transporte	2025-09-30	efectivo	2025-09-30 22:02:51.329+00
c2166ac5-28ef-4823-98e4-6fb3387e1fb6	aguacates	5000	Ingredientes	2025-09-30	efectivo	2025-09-30 22:22:59.459+00
0af4f833-ddf0-454b-a7c3-740789e97475	huevos	10000	Ingredientes	2025-09-30	efectivo	2025-09-30 22:35:32.056+00
e3e1a1d9-46be-422f-bf81-10e61f164647	Mayonesa Verde	30800	Ingredientes	2025-10-01	efectivo	2025-10-01 21:38:18.667+00
f7b7bdc4-4a31-40ec-aea4-286ba870a6e4	noemi	378000	Ingredientes	2025-09-30	nequi	2025-09-30 22:56:29.942+00
786efe72-4b29-4a12-8e2a-e1bcb4d5baac	Uvillas	3800	Ingredientes	2025-09-23	efectivo	2025-09-23 16:15:56.054+00
c5b7b0c0-9409-4c07-ab55-d16be77c8091	Panela	2900	Ingredientes	2025-09-23	efectivo	2025-09-23 16:16:22.3+00
b82e5b20-bbe7-448b-be66-e363cc409a36	Champiñones	28000	Ingredientes	2025-09-23	efectivo	2025-09-23 16:42:57.777+00
b9a97ba9-60c1-4898-bdfb-22f1b4da4446	Aguacates	12000	Ingredientes	2025-09-23	efectivo	2025-09-23 20:16:30.334+00
5f05c3e1-2cf2-4808-bc86-946cf5917809	tocino	56000	Ingredientes	2025-09-23	efectivo	2025-09-23 21:14:21.525+00
da87fdde-20a3-427f-83e6-df461b56e6dc	kiwi	11500	Ingredientes	2025-09-23	efectivo	2025-09-23 21:29:44.268+00
729fd5d2-8d73-4035-8237-0e6de80f91e8	leche andi	24900	Ingredientes	2025-09-23	efectivo	2025-09-23 22:54:53.109+00
9ac3936a-d9e1-4e86-9bee-ef53da1dfe82	Quajada	12000	Ingredientes	2025-09-23	efectivo	2025-09-24 00:45:47.668+00
1f5ecb57-fa8c-4c33-9df3-bbdd20b6cd27	Cilantro	1000	Ingredientes	2025-09-23	efectivo	2025-09-24 00:46:12.594+00
3927a6f7-c003-49af-bfe4-19f537b10f2e	Pan Sandwich	19600	Ingredientes	2025-09-24	efectivo	2025-09-24 16:29:44.727+00
b960b12c-e282-4469-9a47-64dc29f813ec	Aguacate	12000	Ingredientes	2025-09-24	efectivo	2025-09-24 16:29:56.847+00
1d5e34ad-9dce-4ebd-887d-2e519e5bb99a	Champiñones	17600	Ingredientes	2025-09-24	efectivo	2025-09-24 16:42:13.324+00
4e2b6c5a-f72a-48b1-825f-fbde0061c282	Toalla Cocina	3600	Ingredientes	2025-09-24	efectivo	2025-09-24 17:00:30.732+00
cbe0a98e-aec8-4d57-9e96-de8d09a60318	Servilletas	4500	Equipos	2025-09-24	efectivo	2025-09-24 17:05:56.868+00
4236d432-643a-442a-9e08-2eb3c91bc998	Desengrasante	6300	Equipos	2025-09-24	efectivo	2025-09-24 17:06:34.546+00
6b1e2490-4125-46a4-917f-56d548641bbd	Aceite	12600	Equipos	2025-09-24	efectivo	2025-09-24 17:06:56.866+00
7534af85-7297-4a68-8412-765381d91c52	Domicilio	6000	Transporte	2025-09-24	efectivo	2025-09-24 20:22:09.817+00
46d89c96-3208-413a-8247-4f6e96d25016	Queso Crema	13200	Ingredientes	2025-09-24	efectivo	2025-09-24 20:37:06.07+00
1e81aa05-d1c8-478e-a033-d75529542c08	Champiñones, Limón Taití	26600	Ingredientes	2025-09-24	efectivo	2025-09-24 16:31:29.077+00
a7a967dc-07d8-401e-baaf-7ed1aa9ada65	Quesillo	12000	Ingredientes	2025-09-24	efectivo	2025-09-24 16:31:53.753+00
8091d6bc-85c8-481c-b646-4c888d050415	Pollo Belén	56000	Salarios	2025-09-24	efectivo	2025-09-24 16:42:50.877+00
71a698a0-ed2d-4ddd-86fa-b4e087c7eda3	Carne	56000	Ingredientes	2025-09-24	efectivo	2025-09-25 01:02:35.389+00
21eae36a-9489-4253-ac0b-ac59cfd907b1	lacteos 	48500	Ingredientes	2025-09-25	efectivo	2025-09-25 17:44:44.164+00
5925198c-5cd6-46a4-a4bd-1073ed51165e	frutas	31500	Ingredientes	2025-09-25	efectivo	2025-09-25 17:45:29.583+00
59370c05-e520-4f30-85db-a67fc040a3ab	coco rallado	8500	Ingredientes	2025-09-25	efectivo	2025-09-25 21:46:22.319+00
40a1c3d3-f7c2-463d-8e59-3a9486f8f788	tocino 	56000	Ingredientes	2025-09-25	efectivo	2025-09-25 21:55:37.771+00
f3db0e55-18fd-43b6-8055-bb6399070601	chips de vege	21000	Ingredientes	2025-09-25	efectivo	2025-09-25 21:57:29.059+00
9898a360-4a61-4042-a0c3-77d37d2fdd37	carnes	310700	Ingredientes	2025-09-25	efectivo	2025-09-25 22:58:12.165+00
3e338c8b-a400-4913-bdbb-4ec1726f23a1	pastelería	364000	Ingredientes	2025-09-25	nequi	2025-09-25 22:58:49.043+00
aa368303-a654-42d7-b6ed-ac19f1a43b0b	energía 	118600	Servicios públicos	2025-09-25	nequi	2025-09-25 23:03:31.165+00
29c0f0f1-f1f0-435f-b30e-9d5d8a07eb14	agua	83500	Servicios públicos	2025-09-25	nequi	2025-09-25 23:07:15.637+00
61c25838-ef44-4458-a4ff-f257b509a636	carnes 	235500	Ingredientes	2025-09-21	nequi	2025-09-25 23:12:15.522+00
564957bd-fc85-40bf-998b-99e8cc12db30	internet	77300	Servicios públicos	2025-09-24	nequi	2025-09-25 23:21:25.132+00
b0949a81-d435-4216-9cb2-526d53af8ba0	Andres David devolver a Bri	371000	Salarios	2025-09-21	nequi	2025-09-25 23:24:17.338+00
85fb5b87-02fc-4deb-b4d2-9b5f471ded10	champiñones	56000	Ingredientes	2025-09-26	efectivo	2025-09-26 15:10:12.409+00
537aa832-0c59-4ecd-a225-d5187da0967b	semillas de girasol	6000	Ingredientes	2025-09-26	efectivo	2025-09-26 15:59:04.704+00
5670d8e9-e839-4c45-99c0-bbee4c023361	atomizador	6000	Otros	2025-09-26	efectivo	2025-09-26 17:39:03.764+00
3594fd5b-a896-4776-985b-0aa9ecd839d8	aguacate	30000	Ingredientes	2025-09-26	nequi	2025-09-26 18:03:01.441+00
d77ef232-c5c8-4fa1-af23-57d4d896455a	Bananos	4800	Ingredientes	2025-09-26	efectivo	2025-09-26 19:39:25.984+00
d24c6375-e447-473e-b6d9-2e0e019825fd	Guantes	2000	Equipos	2025-09-27	efectivo	2025-09-27 15:22:29.113+00
504e4ab2-b7f1-432c-b7ef-713757fda634	Bambas	500	Equipos	2025-09-29	efectivo	2025-09-29 15:03:29.422+00
7fd5cb22-1b5e-466c-84b3-2d32319faae0	Matcha	20000	Ingredientes	2025-09-29	efectivo	2025-09-29 15:39:05.614+00
eb1c9a77-8977-446a-b5dc-ee5e97ec2a4e	Aguacates	10000	Ingredientes	2025-09-29	efectivo	2025-09-29 15:39:22.247+00
fc0f6907-c47e-4feb-ab70-c9cfd65aafa0	Leche	68800	Ingredientes	2025-09-29	efectivo	2025-09-29 17:23:45.664+00
80edfe2f-a564-4f29-9d35-acfeed6a8828	Quesillo	12000	Ingredientes	2025-09-29	efectivo	2025-09-29 20:32:22.068+00
9e4d2ab0-a3a0-4e79-be4a-0890c5860515	Romero	1000	Ingredientes	2025-09-29	efectivo	2025-09-29 20:32:44.657+00
9e861a48-3e9c-4ebe-8d26-a1410978c9ed	panes	48000	Ingredientes	2025-09-29	efectivo	2025-09-29 21:17:50.651+00
3a3ec5fe-351c-42e6-9168-c5fb32622e7b	yogurt griego 16 briyith	32000	Ingredientes	2025-09-29	efectivo	2025-09-29 23:16:42.813+00
6dc3b77c-1977-4ef8-81b5-d51f8100bcb8	Abono Belen 	54000	Salarios	2025-09-29	efectivo	2025-09-29 23:40:51.496+00
2086c40e-df64-4f6a-8726-9037280b8db1	carnes Belen	116000	Ingredientes	2025-09-29	efectivo	2025-09-30 00:19:42.475+00
716e8392-3cbe-41c3-9865-5d9cdedd343d	Esponjas	12900	Equipos	2025-09-30	efectivo	2025-09-30 17:05:21.57+00
1fbfb477-6fe1-4c17-8b71-2f49447e7b4c	Sarten Inducción	199000	Equipos	2025-09-30	nequi	2025-09-30 17:06:11.135+00
5818a5a7-342d-4a96-8a75-39290bf470a8	Datiles	7900	Ingredientes	2025-09-30	efectivo	2025-09-30 17:07:09.388+00
7a0bb736-8281-4f06-97b1-499c512e3e00	Pasta	7300	Ingredientes	2025-09-30	efectivo	2025-09-30 17:07:34.643+00
f341aa20-376a-4963-9e33-cf47e2aad3e0	Sandia	8000	Ingredientes	2025-09-30	efectivo	2025-09-30 07:33:27.76+00
5aa509dc-1567-41d3-98db-12b945af5ad4	Pepinos	6000	Ingredientes	2025-09-30	efectivo	2025-09-30 07:37:16.922+00
ffd93d66-b0ef-412d-8bb0-c8aed04330ea	Zanahorias	2000	Ingredientes	2025-09-30	efectivo	2025-09-30 07:37:42.754+00
c75a6402-2f13-4228-95d5-6d5b9f0a21bd	Bananos	3000	Ingredientes	2025-09-30	efectivo	2025-09-30 07:37:59.511+00
2d57e4c5-b763-4123-a449-bd156f7c98bd	Abono Belen	54000	Salarios	2025-09-30	efectivo	2025-10-01 01:57:58.965+00
9bf47e53-bf52-4fcf-942a-0d7de8f02b24	chips	20900	Ingredientes	2025-10-01	efectivo	2025-10-01 17:28:14.787+00
77439bad-e108-4cba-901c-8cc99015f5be	fruver	64300	Ingredientes	2025-10-01	efectivo	2025-10-01 17:28:36.881+00
f80e51e4-db19-4b14-9ac3-d964298ca5d5	Maní Tostado	9000	Ingredientes	2025-10-01	efectivo	2025-10-01 19:57:15.678+00
aafbca94-1dc3-43af-afb9-8835f459cbdb	Tomates	9000	Ingredientes	2025-10-01	efectivo	2025-10-01 19:57:49.117+00
da675df9-c588-4b94-baae-afd97199cb32	Tocineta	56000	Ingredientes	2025-10-01	efectivo	2025-10-01 20:44:46.412+00
d1663903-a062-46d6-bea5-1eb23b8e9238	Jamon de Cerdo	37000	Ingredientes	2025-10-01	efectivo	2025-10-01 21:37:33.749+00
20ddcf87-f0b9-4656-8ac7-42b986dfb076	pilas	6000	Mantenimiento	2025-10-01	efectivo	2025-10-01 23:54:40.819+00
16c2594f-ad1f-4149-8661-16e320da6c6d	Notas	4000	Equipos	2025-10-02	efectivo	2025-10-02 14:15:41+00
dca5abe2-f0f4-407e-b1dc-29a75c3906f5	Guantes	2000	Mantenimiento	2025-10-02	efectivo	2025-10-02 18:26:21.01+00
3ff1d902-c8fb-48e0-8900-eb17ade04bc5	Frutas	28000	Ingredientes	2025-10-02	efectivo	2025-10-02 18:33:08.781+00
71a48242-5150-4f42-9b01-4083e2c67225	Rugula	6000	Ingredientes	2025-10-02	efectivo	2025-10-02 19:34:15.815+00
4778d1bc-266c-4e05-80ca-bbe61313591c	Bolsas Libra	4400	Equipos	2025-10-02	efectivo	2025-10-02 19:35:19.13+00
\.


--
-- Data for Name: orders; Type: TABLE DATA; Schema: public; Owner: postgres
--

COPY "public"."orders" ("id", "numero", "total", "estado", "timestamp", "cliente_id", "metodopago") FROM stdin;
68f500ad-bb4e-4328-9d2a-9bcda8a7d6b0	1316	11000	entregado	2025-09-23 02:42:31.889+00	\N	tarjeta
4157c111-1cd4-4731-9e23-79474160c9e8	4075	15000	entregado	2025-09-23 02:44:54.501+00	ebd3c2f8-065f-4a44-8d53-330d736d9647	tarjeta
32369dfb-eef0-4209-9ced-9e6b6f1e381e	7020	24500	entregado	2025-09-23 19:41:06.891+00	\N	nequi
b88ba1fa-6f2a-4a1a-bbeb-1ef46feb7dcf	8658	15000	entregado	2025-09-23 02:49:22.582+00	\N	nequi
ae2bebca-571e-4c07-8670-757db996718d	4082	30000	entregado	2025-09-23 18:18:46.906+00	\N	nequi
9cda329f-736a-45a1-b779-94967eef478f	5496	19000	entregado	2025-09-23 15:21:31.422+00	\N	nequi
23eb2329-0c5e-4088-8fb3-36715c1d1f4c	5828	23000	entregado	2025-09-23 02:50:09.688+00	\N	nequi
dea8fbf9-2118-4343-ac86-f71661501468	1849	11000	entregado	2025-09-23 22:14:30.902+00	\N	efectivo
5d597deb-c39d-48b8-bb7c-d6e593929397	1486	14850	entregado	2025-09-23 02:53:28.179+00	\N	nequi
4ace7a39-1bb7-4837-b544-20479ecfaac2	4153	18500	entregado	2025-09-23 02:33:48.579+00	\N	efectivo
d6a104ee-86fe-47e2-976d-47a99d172ced	8055	15000	entregado	2025-09-23 02:39:52.207+00	\N	efectivo
0e99f28d-a472-4ab9-b6f9-0c898b40ba88	2822	13000	entregado	2025-09-23 03:00:33.433+00	\N	nequi
c8cde86a-df1e-47ef-8c13-d8468a25f3eb	2931	8000	entregado	2025-09-23 02:39:01.637+00	\N	efectivo
de7f4770-191d-4b57-ad9c-6468b2a0d51a	4041	14500	entregado	2025-09-23 02:38:12.886+00	\N	efectivo
9040b73f-77bf-427b-b0c2-1bb2526c0086	6654	68000	entregado	2025-09-23 17:56:15.141+00	\N	nequi
842fbc54-bda1-4b20-957e-85d656cc4a3e	1008	44650	entregado	2025-09-23 03:05:44.733+00	\N	nequi
9d69b9cb-eda1-4d32-83a8-2a602a794389	3278	18500	entregado	2025-09-23 02:30:25.898+00	\N	nequi
9570fce9-c17a-479b-a87c-40d2bcf40312	5956	39000	entregado	2025-09-23 16:22:06.936+00	\N	nequi
5cb52fcb-f91e-49c0-939a-a4dfe0d1cb58	6555	8500	entregado	2025-09-23 03:07:18.259+00	\N	nequi
63195593-a2c9-41a3-887c-a129e1cdd976	7325	4000	entregado	2025-09-23 02:40:09.265+00	\N	efectivo
270cb9c3-9278-47e2-89b9-36492b584e9c	5954	10500	entregado	2025-09-23 02:40:01.078+00	\N	efectivo
c0b4015d-a729-4c9e-a220-cd6bb9b002f7	7287	15000	entregado	2025-09-23 02:41:36.806+00	\N	efectivo
7d385443-f410-4453-8e1d-9133ccfc279f	3468	18500	entregado	2025-09-23 02:41:45.515+00	\N	efectivo
507f5e77-20a2-4f77-8394-6bccf0eff0a2	9099	15000	entregado	2025-09-23 02:42:00.462+00	\N	efectivo
c816883c-1811-416f-bb80-92ac3ff8d711	6424	29500	entregado	2025-09-23 02:31:16.703+00	\N	nequi
529b3152-2ab2-4e97-9e1d-bd9a3ab0975e	1539	16000	entregado	2025-09-23 16:54:26.033+00	\N	efectivo
15cbe337-b663-447c-86e5-c1cca381e249	7311	30000	entregado	2025-09-23 18:55:31.63+00	\N	efectivo
1ca8ba41-cc65-425c-b4f1-3ddae293522d	6564	15000	entregado	2025-09-23 20:05:51.711+00	\N	efectivo
3d487325-f935-4c40-9e2a-236592e67b56	3767	34500	entregado	2025-09-23 02:41:11.974+00	\N	nequi
9c872a93-c09f-4346-9c46-0883e8fdf576	4070	30000	entregado	2025-09-23 17:30:14.34+00	\N	nequi
25cecc96-c8e5-4e72-a78c-58fc76f1230e	3840	76000	entregado	2025-09-24 15:40:52.49+00	\N	nequi
7535363c-d10d-4d35-abdc-4eae97bd274f	3087	17100	entregado	2025-09-23 19:18:31.092+00	\N	efectivo
f361c481-118d-4e72-8658-058715d72db2	7940	40000	entregado	2025-09-23 17:33:56.797+00	\N	nequi
9a09e837-cc60-4521-bdfb-790fe3ec15f1	9507	15000	entregado	2025-09-23 02:44:54.992+00	ebd3c2f8-065f-4a44-8d53-330d736d9647	efectivo
b4d33059-dfdb-43af-94b8-c04e0a270161	1581	16000	entregado	2025-09-23 02:50:41.825+00	\N	efectivo
615f8381-992b-4d15-8313-899413b973fb	9788	56500	entregado	2025-09-23 02:51:15.847+00	\N	efectivo
0168c10e-c788-426c-b706-3c57300c52f1	9573	12000	entregado	2025-09-23 02:51:34.408+00	\N	efectivo
c5be6c87-d4d6-40a4-afa5-edb12ae9365f	4875	6000	entregado	2025-09-23 02:51:44.157+00	\N	efectivo
6b96efb7-0e92-4bc4-87fe-0e95a4e561da	4479	41000	entregado	2025-09-23 19:55:01.813+00	\N	efectivo
1529133b-90d2-498e-a089-11ee20022e23	8794	31500	entregado	2025-09-23 02:52:47.7+00	\N	efectivo
a064c078-e503-4588-9f1a-5833ab74af57	2777	18500	entregado	2025-09-23 02:53:09.171+00	\N	efectivo
c26ad814-d661-426f-905b-9e1d7db637c2	4598	29850	entregado	2025-09-23 19:02:33.313+00	\N	nequi
5879eaea-d972-4277-a405-30978f25166e	7065	8000	entregado	2025-09-23 18:01:20.697+00	\N	efectivo
64fa9dbc-f255-415a-b34f-a27d3332157b	2356	50250	entregado	2025-09-23 21:58:03.026+00	\N	nequi
c83d1ab6-6390-4786-848a-094e60de15cd	1008	32000	entregado	2025-09-23 17:48:10.079+00	\N	nequi
d2c2ebe9-f796-4351-9134-5b03641020e9	2120	23500	entregado	2025-09-24 00:24:15.887+00	\N	tarjeta
c84e0bb3-b3d4-478b-b76f-b27a105878ba	8914	35500	entregado	2025-09-23 20:23:18.243+00	\N	nequi
b0d9be7c-102e-4bfb-a027-33a1cd9996ea	9353	26500	entregado	2025-09-23 03:31:33.253+00	\N	nequi
fd5de209-af3b-4a6e-8bb8-f0876ae61b11	1941	15000	entregado	2025-09-23 17:47:16.815+00	\N	efectivo
eeff4778-0520-48ff-8e11-55787643ec39	4686	11500	entregado	2025-09-23 22:17:54.69+00	\N	efectivo
cb353b71-1ebb-4704-88e2-e1bc53cbe1cb	8991	69500	entregado	2025-09-24 01:21:35.432+00	\N	nequi
75f77883-a796-4df2-9bd8-d4bd423c0c1f	4795	16000	entregado	2025-09-23 19:28:08.654+00	\N	efectivo
00778b23-695c-48f2-92ab-b3742b61b855	6262	14850	entregado	2025-09-23 19:38:05.199+00	0cf14e74-a586-47c8-8d24-52547bdd464b	tarjeta
7022e0a3-2a51-4cb6-beb7-4e6587e0eb9d	9775	27500	entregado	2025-09-24 16:02:40.922+00	\N	efectivo
cee5fc2e-f3c2-4cc1-afd8-686b6d303a7c	7139	54500	entregado	2025-09-24 00:22:08.627+00	\N	nequi
4dcdbf9e-9136-491c-986f-401f60bdaf58	9692	8000	entregado	2025-09-23 21:55:38.929+00	\N	nequi
07fdd121-94d2-43e8-b856-44e10ae325a8	1768	14000	entregado	2025-09-23 22:49:31.422+00	\N	nequi
311ae63b-e7c6-4022-98ff-f059b7255029	5584	8000	entregado	2025-09-24 01:34:07.282+00	ebd3c2f8-065f-4a44-8d53-330d736d9647	tarjeta
6d5ced47-a91b-4990-963f-0fd31d3fe824	8011	66500	entregado	2025-09-23 21:13:05.326+00	\N	efectivo
003acb1f-0db0-40e0-83e4-e23529ff6a60	9129	20000	entregado	2025-09-23 22:43:09.127+00	\N	nequi
bc32d274-8c58-4591-8669-e76fa7b6a1f7	5916	40000	entregado	2025-09-24 01:02:15.878+00	\N	efectivo
1e035429-2e7a-47d0-8bbc-73bf2a403e23	7104	67500	entregado	2025-09-24 14:36:19.927+00	\N	efectivo
02194b42-3755-4374-a2b7-f099a74381d6	5524	60000	entregado	2025-09-24 22:42:13.018+00	\N	nequi
f86ca3e2-2fc5-4918-b3d1-78c2255ba587	9675	35000	entregado	2025-09-24 16:57:38.85+00	\N	efectivo
f14569f9-5d32-49bd-a92e-53da5226951a	1612	17000	entregado	2025-09-24 18:53:59.799+00	\N	nequi
0ef7b910-3764-4969-8787-6557dc8e0162	7905	35650	entregado	2025-09-24 20:47:30.941+00	\N	efectivo
abdb000c-7707-43ab-bff2-f11d298473b1	3817	18500	entregado	2025-09-24 21:27:45.487+00	\N	efectivo
db7fd491-754a-4b36-aed2-c7a6dafd4b9b	1999	15000	entregado	2025-09-24 20:41:28.984+00	\N	nequi
93b9a4a6-52d6-4729-ab9e-c058cf38e2d2	7086	48500	entregado	2025-09-24 18:55:18.308+00	\N	tarjeta
6e341b21-50c3-43fc-a256-d21a50eb6f7a	3131	35000	entregado	2025-09-24 20:03:19.902+00	\N	efectivo
625d0891-e934-4f39-b94a-5f83beb50503	7843	18000	entregado	2025-09-24 17:12:34.085+00	\N	efectivo
611df515-c40a-46aa-b953-d1c79416902f	6691	47500	entregado	2025-09-24 16:36:32.735+00	\N	nequi
86cd8216-cc20-44ca-9fd2-fff78e8bbb9a	4029	15000	entregado	2025-09-24 20:42:05.198+00	\N	efectivo
64609646-ea6b-48cb-ad69-6f9b570ca387	6971	10500	entregado	2025-09-24 22:13:22.987+00	ebd3c2f8-065f-4a44-8d53-330d736d9647	tarjeta
137155b2-2f48-46f2-ad0b-9d7517875112	7191	66000	entregado	2025-09-24 21:20:36.926+00	\N	efectivo
cad9ac26-00bf-479e-8805-56adbb11cd7e	2194	33000	entregado	2025-09-24 23:09:42.541+00	\N	nequi
7655b835-6a78-4b29-bc57-1b80ceeab56e	1732	8000	entregado	2025-09-24 22:45:22.954+00	ebd3c2f8-065f-4a44-8d53-330d736d9647	tarjeta
21872caf-7ab4-442c-a678-02fbe00879f9	6812	14000	entregado	2025-09-24 23:41:27.893+00	eaa07600-d0f1-452a-ae7b-6ad8b58f24c4	nequi
ce08628a-6482-492d-b876-0a6b1e4673e0	8507	26500	entregado	2025-09-24 23:49:04.54+00	\N	nequi
7f8fb50e-b18d-4239-8663-6d9c3f553052	9978	15500	entregado	2025-09-25 14:08:18.305+00	1f21b2a6-02db-41be-95ec-4e13a6cb6942	nequi
17ccdcf3-5e51-4d1f-8e43-f7f46dfb728f	4934	8000	entregado	2025-09-25 14:29:17.337+00	\N	efectivo
40bb8986-bf67-46c2-8bbf-1696fce069dc	8906	14500	entregado	2025-09-25 15:01:45.408+00	\N	efectivo
0abc1107-2f6b-4924-979f-acb1c5a2ac39	9469	4000	entregado	2025-09-25 15:46:09.895+00	445fa2d2-94bc-4ec1-9ae8-928be375b5b7	efectivo
39881f31-5bc0-4c79-8daf-95a1a220733e	3254	22500	entregado	2025-09-25 16:46:12.688+00	\N	nequi
62a18460-3c21-4aae-9c9a-85b55942e8cd	5398	53000	entregado	2025-09-25 18:32:54.796+00	\N	efectivo
a2aac2b1-c407-48d7-8073-fea7d0528b14	3474	15000	entregado	2025-09-27 19:38:37.963+00	\N	efectivo
bd456dd0-e17e-4027-8a48-42c8642bed5e	6803	30000	entregado	2025-09-25 18:42:17.521+00	\N	efectivo
bcc0a152-00b3-40fd-ab14-e511365a7573	7768	11000	entregado	2025-09-25 22:40:34.343+00	\N	efectivo
d91aa98a-666c-49f6-8201-007f30fb283a	8639	44500	entregado	2025-09-25 22:30:58.277+00	\N	nequi
4531779c-3b51-465e-b13b-da604123444b	7120	37000	entregado	2025-09-27 17:21:03.663+00	\N	efectivo
8960b373-f72e-4801-8554-bb96e12fcbad	3490	57800	entregado	2025-09-25 18:47:34.107+00	\N	nequi
0d088a22-dae2-4606-b02e-831fb5095977	3669	9500	entregado	2025-09-27 17:17:38.967+00	\N	efectivo
c3eaf608-af3f-4779-a8d8-09a95531e3bf	5848	29850	entregado	2025-09-26 20:30:35.623+00	\N	efectivo
6a956be1-abcb-42ce-85cd-1f4737c9faa6	9720	49000	entregado	2025-09-25 18:46:03.046+00	\N	efectivo
75b049fd-9437-482e-98b5-bdee58ea9736	7630	4500	entregado	2025-09-26 00:07:25.456+00	deecc8eb-6346-4154-a540-79462d987083	nequi
50835f25-7aaa-4838-9e03-a0c2974fbe0f	3378	21000	entregado	2025-09-26 20:07:59.12+00	\N	nequi
4a798f19-a186-4806-8cd9-d7e21a5ac611	2872	15000	entregado	2025-09-25 18:52:10.893+00	\N	efectivo
938c755c-ce35-4e70-945c-beb8b738caa5	6262	15000	entregado	2025-09-25 23:49:36.083+00	\N	nequi
ac4f60b8-e38c-448b-b3ba-3367e9205963	1514	32000	entregado	2025-09-26 18:04:04.923+00	445fa2d2-94bc-4ec1-9ae8-928be375b5b7	efectivo
8b28c63b-b7a2-4ffe-85d3-0ffdda92c425	5579	15500	entregado	2025-09-25 19:52:38.904+00	\N	nequi
3e60d411-6149-457b-a6bd-bf62b3efe5b9	5262	14850	entregado	2025-09-26 00:39:57.419+00	0cf14e74-a586-47c8-8d24-52547bdd464b	tarjeta
752926a2-263a-4df1-8020-9ad62a38612f	8944	9000	entregado	2025-09-25 20:32:52.204+00	\N	efectivo
ffecc9b9-a793-4e81-b2f0-264ec27229e1	6629	30500	entregado	2025-09-26 23:45:50.595+00	\N	nequi
8a1d67aa-6d2f-4e4e-8f41-a1f6932cff60	9365	41000	entregado	2025-09-26 21:42:24.051+00	\N	efectivo
2cd67630-cc8e-46f7-a0c7-7ae817e4d999	2753	34000	entregado	2025-09-26 18:07:51.83+00	\N	efectivo
19ddf036-cf1e-4e5b-aa22-575b61fd5d07	3023	45000	entregado	2025-09-26 17:41:52.196+00	\N	efectivo
5922ba0d-9d78-465f-a4e6-5129e6eb5a8c	5355	5500	entregado	2025-09-26 13:37:07.131+00	\N	efectivo
d2f08b77-b59c-4747-b618-80922eb9595b	7196	20000	entregado	2025-09-25 20:28:41.376+00	\N	efectivo
59f3531f-f178-4f8d-812c-1e873ef0d5cf	1473	8000	entregado	2025-09-25 20:58:57.052+00	ebd3c2f8-065f-4a44-8d53-330d736d9647	tarjeta
fd386411-5f43-401a-803c-062a135e7796	2118	26000	entregado	2025-09-26 18:20:25.996+00	\N	nequi
5171d0d9-51cf-4a66-928c-28260ade997b	6912	8000	entregado	2025-09-25 21:21:36.615+00	445fa2d2-94bc-4ec1-9ae8-928be375b5b7	efectivo
f46c5e1d-9105-4e81-aaeb-b5aec4291c34	1273	16650	entregado	2025-09-27 00:10:51.09+00	\N	efectivo
eca4d05d-183e-43c5-af90-5a7f8a000bb0	9706	63450	entregado	2025-09-26 14:17:30.598+00	\N	nequi
88a07553-c5e5-4433-97c2-e1f9ac5d204f	6846	49000	entregado	2025-09-25 21:29:29.177+00	\N	efectivo
379dd81b-f12e-42b2-a05d-c8ea1f2e6b09	1283	1000	entregado	2025-09-26 18:21:39.559+00	ebd3c2f8-065f-4a44-8d53-330d736d9647	tarjeta
79bc39d6-88d6-4aa3-8193-340423f2f90c	8948	45500	entregado	2025-09-26 23:48:15.831+00	\N	nequi
32a4b5da-dab6-4957-a8c3-b7652cf21b11	2797	15000	entregado	2025-09-26 15:03:02.543+00	\N	nequi
31dd0943-ee42-4452-89db-30a674a3a566	8321	26000	entregado	2025-09-26 21:47:33.279+00	\N	efectivo
225062c4-12c9-497a-8240-bdf580b7d4ab	2766	24000	entregado	2025-09-25 22:19:59.741+00	\N	efectivo
af800575-7c8f-43d8-8892-af4b2ef67f98	7223	19000	entregado	2025-09-26 18:27:41.64+00	\N	nequi
7fa3054b-bd50-46cc-8d67-d9a85513f801	5746	1000	entregado	2025-09-26 15:04:01.218+00	445fa2d2-94bc-4ec1-9ae8-928be375b5b7	efectivo
b1a3a135-4128-4da2-af1c-e30d7a5b2b38	9601	12500	entregado	2025-09-26 21:58:23.003+00	\N	efectivo
6a1de093-9ed0-405b-adb6-da2912cb2c4a	9184	4500	entregado	2025-09-26 15:09:20.326+00	\N	efectivo
cbb64822-2388-4f5c-83c3-094d9458b14f	5150	30000	entregado	2025-09-27 17:44:43.587+00	\N	nequi
bf0e1bad-f3b9-47d0-b4f6-c76c3a6db48b	7331	18500	entregado	2025-09-26 15:29:57.801+00	\N	nequi
699c3091-60f3-4ebd-9e7a-eae5761cf886	6335	23000	entregado	2025-09-26 21:48:54.774+00	\N	efectivo
a55611c1-1b2b-490a-bf1e-55a1bf4814cb	9161	33500	entregado	2025-09-26 21:22:34.805+00	\N	nequi
bdf830c7-987a-461a-8451-8de8a48eb804	2505	16000	entregado	2025-09-26 16:49:58.487+00	\N	nequi
a2c47dd5-d797-4244-8ee0-c902fa2b6ed9	3118	15000	entregado	2025-09-26 19:47:50.655+00	0cf14e74-a586-47c8-8d24-52547bdd464b	tarjeta
0effebc6-07f6-4442-853b-687471a63aef	6998	9500	entregado	2025-09-27 14:42:33.154+00	\N	efectivo
61ebd998-1fbe-4382-b2b4-bad5bbe8c122	5294	19000	entregado	2025-09-27 17:23:26.901+00	\N	efectivo
393b94f0-50b8-4809-90a5-f558b3207b4c	3593	10500	entregado	2025-09-26 19:48:30.277+00	ebd3c2f8-065f-4a44-8d53-330d736d9647	tarjeta
c9c96e5f-702e-4be9-b984-9b95782cf82d	2541	23000	entregado	2025-09-26 18:55:28.983+00	\N	efectivo
a79f3aa9-fe31-4cd6-851d-4214af87b733	7887	10500	entregado	2025-09-27 14:42:56.6+00	\N	nequi
3ef182d4-d4cf-46cb-b375-3738ac2e8f08	2919	14000	entregado	2025-09-27 14:42:46.047+00	\N	nequi
c3fc8389-3132-4ad8-b208-a0f1e24f1805	8026	29500	entregado	2025-09-26 22:24:09.475+00	\N	efectivo
f65a580d-f2d9-47ad-807a-5350b844aa8e	8780	2000	entregado	2025-09-29 13:58:47.346+00	445fa2d2-94bc-4ec1-9ae8-928be375b5b7	efectivo
4a9860a0-4f38-4b97-9c13-3de185de14d0	2788	31500	entregado	2025-09-27 15:25:23.119+00	ebd3c2f8-065f-4a44-8d53-330d736d9647	tarjeta
8c5e7c78-3cb9-44fa-bbd0-bf7ff1317a4f	8504	42500	entregado	2025-09-27 18:14:42.635+00	\N	nequi
4e87192e-804f-4ec5-8034-76886d92810d	6902	15000	entregado	2025-09-29 17:18:30.451+00	\N	nequi
91704602-0a09-4ff5-bb99-501f9161bd3a	8018	11000	entregado	2025-09-29 15:41:22.978+00	\N	efectivo
2c3c4da6-4e94-4591-abd8-dfd018f45bb0	9813	16000	entregado	2025-09-27 17:46:09.116+00	\N	nequi
740dbcef-bbd0-4913-8028-931694ff4839	5043	13500	entregado	2025-09-27 14:42:21.543+00	\N	efectivo
2f4c1c0f-17fe-477c-bd3f-e88d15807699	9453	15000	entregado	2025-09-27 19:18:29.307+00	\N	tarjeta
84a96e20-cade-4099-82fc-b3a81f59338e	9460	6000	entregado	2025-09-29 14:20:10.036+00	\N	efectivo
7778d92c-20cf-475a-97d4-60282845ac1f	4484	47500	entregado	2025-09-27 17:55:11.283+00	7ee086b5-a58a-4dd5-bb7a-a44a7b81b3c2	tarjeta
5a362269-ce7c-4822-b901-2902f577b450	9056	15000	entregado	2025-09-29 17:26:27.813+00	\N	efectivo
90fc67d5-699d-4607-9000-76309dbb73e5	5311	38100	entregado	2025-09-29 16:23:26.364+00	\N	nequi
f56d9d47-36a3-47f0-b889-190a744ad7b2	4008	15000	entregado	2025-09-27 19:37:34.312+00	deecc8eb-6346-4154-a540-79462d987083	tarjeta
b95938f5-d891-4243-970c-124705c5637c	9996	20000	entregado	2025-09-29 14:53:47.235+00	\N	nequi
2171f7f9-f1fd-4b83-8b11-adb19cd7f7ee	9773	15000	entregado	2025-09-29 16:47:56.361+00	\N	efectivo
9dc0af81-1471-46c3-b1f8-a8d9e23c50fb	3165	15000	entregado	2025-09-29 17:49:10.032+00	\N	nequi
02af5abc-6627-434c-aa51-1ee78142d007	7915	17500	entregado	2025-09-29 21:26:59.991+00	\N	efectivo
b3772ec1-dee9-45cf-bb2d-6456a5a89ad6	3224	15000	entregado	2025-09-29 19:13:34.876+00	0cf14e74-a586-47c8-8d24-52547bdd464b	tarjeta
1845e715-ec34-41ef-a919-292bab911d24	1316	49500	entregado	2025-09-29 18:04:30.22+00	\N	nequi
7ffb487b-e602-4633-af0d-8cd14eac6dc2	6492	15000	entregado	2025-09-29 18:12:20.446+00	\N	efectivo
e5dc709c-ec25-496d-ab33-eb7eb086d85b	6485	15000	entregado	2025-09-29 19:12:49.034+00	deecc8eb-6346-4154-a540-79462d987083	tarjeta
a20074fc-e85a-470e-a897-60900df5f9b5	5161	13000	entregado	2025-09-29 23:07:28.997+00	\N	nequi
a10f76e1-3f8a-48c1-ab93-fa1884274c5d	7724	12000	entregado	2025-09-29 22:48:03.155+00	\N	nequi
d0d61f26-ed3c-41ad-8410-b96f1c8078a1	5642	4500	entregado	2025-09-30 00:12:32.535+00	\N	efectivo
0c3a4f67-5c4a-4c38-a696-5d7f1ab777ec	8464	14000	entregado	2025-09-30 00:20:32.041+00	ebd3c2f8-065f-4a44-8d53-330d736d9647	tarjeta
7e2da855-7198-4cfc-b243-054659e9488e	8461	59500	entregado	2025-09-30 01:37:21.52+00	eaa07600-d0f1-452a-ae7b-6ad8b58f24c4	efectivo
5c1ec0c3-6782-4a78-afcc-a15a6312ee44	7135	19000	entregado	2025-09-30 16:01:41.939+00	\N	nequi
8298a070-12b7-426f-ac9f-45e2d6a57824	1384	34000	entregado	2025-09-30 14:16:02.385+00	\N	efectivo
692231e5-77f7-4489-b3bd-10e0b43d6f24	2425	4500	entregado	2025-09-30 14:26:59.269+00	445fa2d2-94bc-4ec1-9ae8-928be375b5b7	efectivo
852b5297-d297-4510-b255-96c2a8c9563e	7220	10500	entregado	2025-09-30 15:05:09.873+00	\N	efectivo
ebc4a867-f3b4-4117-9936-6900208864f1	2670	29000	entregado	2025-09-30 15:50:07.985+00	\N	efectivo
31a755e6-2467-4ba8-9a97-ae50ede85ddc	8848	14000	entregado	2025-09-30 15:57:41.932+00	\N	efectivo
6023ff83-959d-449c-9fe6-4216a8c71ba6	8678	46650	entregado	2025-10-01 00:48:39.026+00	\N	nequi
6a18e10b-a5d3-43ac-abe1-b29c3a372048	1141	30000	entregado	2025-09-30 17:53:21.015+00	\N	efectivo
56a6dc5d-a5da-44f9-90c3-09d2362176cc	1420	8000	entregado	2025-09-30 22:17:00.022+00	eaa07600-d0f1-452a-ae7b-6ad8b58f24c4	nequi
6d28089b-4b53-40d6-b8fb-d7953e75dc1c	1340	15000	entregado	2025-10-01 19:13:43.227+00	\N	nequi
a363c763-8698-4cf9-a397-31019c16c1ba	3096	8000	entregado	2025-09-30 22:17:40.719+00	445fa2d2-94bc-4ec1-9ae8-928be375b5b7	nequi
2cad9473-8a42-4a5b-bbd1-7925a84d2700	3947	15000	entregado	2025-09-30 18:07:48.974+00	\N	efectivo
26b18556-6b80-44d4-8a96-45b816d41f6e	1481	41750	entregado	2025-09-30 18:05:37.345+00	\N	nequi
e2ac12eb-dbf8-428d-86cb-25623fd85c93	7464	23500	entregado	2025-09-30 22:09:28.662+00	\N	nequi
902fac33-16c9-4c02-b4ea-9f118bef5218	5903	16650	entregado	2025-09-30 17:53:34.45+00	\N	efectivo
26dd1b4e-bd4c-4d68-aaef-632cc1f0556f	6418	30000	entregado	2025-09-30 18:05:03.75+00	\N	efectivo
d93b26a7-a9a7-4d32-a8b3-2f10348eed3b	3162	15000	entregado	2025-10-01 22:18:16.417+00	\N	nequi
ef588b19-e91f-46f4-bed2-907115ea5481	2140	31000	entregado	2025-10-01 17:07:25.293+00	\N	tarjeta
84e3780a-1408-414f-a3f9-8b697212dee8	9693	15000	entregado	2025-10-01 19:15:21.248+00	deecc8eb-6346-4154-a540-79462d987083	tarjeta
790f8f62-0524-48f1-8b39-4b75ad9b4dc4	2521	19000	entregado	2025-10-01 21:46:54.41+00	\N	nequi
8a3b24ca-a91a-44e4-ad94-b32a1eaa5be2	3705	47000	entregado	2025-09-30 21:48:40.238+00	\N	efectivo
df35a376-51e5-47d9-aadf-f2ffa9a8ddb5	1086	64000	entregado	2025-09-30 22:29:19.065+00	\N	efectivo
cc9565d7-9aea-4646-adaf-57f47d028f27	9932	21000	entregado	2025-10-02 00:24:49.454+00	\N	efectivo
54121bcd-7e68-4f0f-985c-caa1849182ba	6123	10500	entregado	2025-09-30 07:16:49.681+00	\N	efectivo
d9448d14-a177-48ff-b059-93c9c592771a	4442	33500	entregado	2025-09-30 07:17:39.502+00	\N	efectivo
8c0a6d5d-a44f-4e77-a58f-1ed3aa46e2f8	1961	15000	entregado	2025-10-01 19:17:45.262+00	\N	nequi
e681a677-61ba-45a3-8955-db19f49533e9	1376	29000	entregado	2025-09-30 23:27:33.521+00	\N	efectivo
4ce55b09-9571-4580-9c81-f5118309c47e	2715	11000	entregado	2025-09-30 08:01:02.047+00	\N	efectivo
8ce8bca1-ae93-4cc9-bf25-ee50375c879a	8109	23500	entregado	2025-10-01 23:58:39.312+00	\N	nequi
27243e81-0567-4e2d-9860-56020bc3701e	5508	30000	entregado	2025-10-01 18:02:56.344+00	\N	efectivo
95609c92-8fde-4ef6-ab9c-67d4e6022ae0	6616	15000	entregado	2025-09-30 08:30:18.725+00	\N	efectivo
293431ff-23ff-4392-8745-f4cd2897e691	1443	45000	entregado	2025-10-01 17:53:03.146+00	\N	efectivo
d08b9e44-3645-4e0c-8b59-d34ac3b9966b	3609	34000	entregado	2025-09-30 23:06:43.516+00	\N	nequi
e42515f8-2c16-436e-ad0c-2ca8d5c253c9	1276	13000	entregado	2025-09-30 08:43:49.394+00	\N	efectivo
2b544ab7-4578-49c2-b9a1-e30b7cc74e9c	9067	11000	entregado	2025-10-01 22:25:11.13+00	\N	efectivo
a9c4d9c3-9fd0-4a5d-a596-49391c8b6e97	6979	32500	entregado	2025-10-01 19:40:12.246+00	\N	efectivo
5a844205-06a3-4285-bad7-7cb53dbc0bfe	3234	6000	entregado	2025-09-30 09:06:34.161+00	ebd3c2f8-065f-4a44-8d53-330d736d9647	tarjeta
4c8b954f-c40d-4e04-af52-af6e2c3b5e4f	6115	15000	entregado	2025-09-30 23:41:59.545+00	deecc8eb-6346-4154-a540-79462d987083	tarjeta
c87a1b8b-77fa-4559-b07e-bf70bd6a1f48	6264	24000	entregado	2025-10-01 18:30:53.355+00	\N	efectivo
11bee7cd-e6bd-4566-9dbb-66bcd20d4229	2201	32000	entregado	2025-09-30 21:35:25.814+00	\N	efectivo
194abf03-548f-479b-a7cc-3b935d0e39c6	1182	43000	entregado	2025-10-01 00:11:14.698+00	\N	efectivo
7413bd53-ad97-4fd6-a381-6df3834ed854	3510	16650	entregado	2025-09-30 21:51:47.37+00	\N	nequi
878a38aa-f19a-4cae-adfa-4e584f331fc3	9645	29000	entregado	2025-10-01 18:53:47.395+00	eaa07600-d0f1-452a-ae7b-6ad8b58f24c4	nequi
53f3db87-88a3-46f1-86eb-ce772d633522	1314	4500	entregado	2025-10-02 15:33:34.48+00	\N	efectivo
b48cac54-831c-4c03-af93-ba8e2e4a4196	1267	30000	entregado	2025-10-01 00:37:18.158+00	\N	nequi
8375d937-7e14-4b3c-b288-b8662564ecd9	2701	19000	entregado	2025-10-01 22:31:37.806+00	\N	efectivo
caca36b8-a1a5-4231-89c1-e505ebce8327	6728	15000	entregado	2025-10-01 18:55:03.061+00	ebd3c2f8-065f-4a44-8d53-330d736d9647	tarjeta
372c271f-a9f8-475c-a435-9ad38cfe8452	2783	15000	entregado	2025-10-01 20:07:15.337+00	\N	efectivo
7471c3f7-6b99-4d86-b242-ffa9b6471e04	7657	62000	entregado	2025-10-01 00:22:43.116+00	\N	efectivo
4e05d997-957b-4228-bf4f-dd52586599c7	2480	38000	entregado	2025-10-01 00:41:43.946+00	\N	nequi
5e6d7fc1-4fed-4b27-b375-448b3f377b94	8611	31150	entregado	2025-10-02 01:16:32.677+00	\N	nequi
17dbc7e0-6098-47bb-b838-d3dccf3eef5d	6822	16650	entregado	2025-10-01 18:59:30.136+00	0cf14e74-a586-47c8-8d24-52547bdd464b	tarjeta
1e7903f4-5f1f-4014-900b-2aaf89e3335c	9716	44000	entregado	2025-10-01 20:02:17.591+00	\N	nequi
8841efbe-6ac4-432a-8942-eee5a39a9707	1992	23500	entregado	2025-10-01 22:53:23.123+00	\N	tarjeta
885f25fe-e467-448a-aee5-6c431457131d	5936	16000	entregado	2025-10-02 18:01:02.295+00	\N	nequi
4b370a21-06c8-4866-a723-c5d3e26f984f	4535	52000	entregado	2025-10-02 13:56:08.956+00	\N	nequi
b768eee7-05f8-4d6b-8354-2467dce62a33	7604	8500	entregado	2025-10-02 16:13:10.239+00	445fa2d2-94bc-4ec1-9ae8-928be375b5b7	efectivo
84fd6b62-e81a-42c9-aba6-c7e4b7c346b9	8304	21000	entregado	2025-10-01 22:16:34.712+00	\N	nequi
74881c76-1128-42b6-b4b3-bef2d0b373fc	8519	19000	entregado	2025-10-01 20:45:52.485+00	\N	nequi
3947d778-450a-46ba-ab24-e479d68f153a	1855	31500	entregado	2025-10-02 16:13:27.373+00	\N	nequi
9c6f9d35-e162-424e-9ad4-f7f82a85091c	4446	14500	entregado	2025-10-02 14:27:15.599+00	\N	nequi
def5fbaa-aaa3-4dfb-bb85-fbf226d33742	7647	30000	entregado	2025-10-01 23:31:31.468+00	\N	nequi
26fd1d3c-b792-4152-861b-0d28e7b03eff	7236	16650	entregado	2025-10-02 18:10:04.156+00	\N	efectivo
effe1e6c-0162-44da-8c7f-3ee141684312	4598	16000	entregado	2025-10-02 17:35:57.628+00	\N	nequi
2526a849-2df8-45f4-8759-fcc9fccc5879	2542	30000	entregado	2025-10-02 17:15:59.753+00	\N	nequi
eee81f51-c7e3-449d-94d9-f1a8eac8d7c5	8507	22500	entregado	2025-10-02 14:45:30.653+00	\N	efectivo
7639b042-a383-4fe1-9bec-ca43644f6964	3836	12000	entregado	2025-10-02 19:48:00.151+00	\N	efectivo
80af7c80-e1a5-41d6-854f-89c30d7370b0	7341	8000	entregado	2025-10-02 17:33:21.079+00	\N	efectivo
2ab7a9ff-7cec-4359-9d88-9b0c1ac4b889	6578	32500	entregado	2025-10-02 19:02:09.93+00	\N	nequi
9279c262-1011-4f28-833b-f2d622f84b96	1065	30000	entregado	2025-10-02 17:38:25.916+00	\N	efectivo
aa2ab64d-4ae1-43f0-9fd2-6c2fe9b7b81e	8118	30000	entregado	2025-10-02 17:41:22.529+00	\N	efectivo
27205744-eba1-47ca-8ccf-53bbece06870	6287	45300	entregado	2025-10-02 17:17:33.822+00	\N	efectivo
74ca0fac-19e0-413c-9652-128576a71930	4468	16650	entregado	2025-10-02 19:17:06.383+00	0cf14e74-a586-47c8-8d24-52547bdd464b	tarjeta
229c6e19-de1a-4e2b-bb27-68f040a4ced7	7257	15000	entregado	2025-10-02 19:16:48.779+00	\N	efectivo
ab4edcbd-8ea8-4aa5-a3de-7c2f6271e83c	5789	10000	entregado	2025-10-02 22:45:03.854+00	\N	nequi
6c9ad3e1-a7f2-4517-bc32-d1cacaa7a749	4578	14500	entregado	2025-10-03 00:19:43.703+00	\N	efectivo
469710ef-38d1-42f7-9394-67c6d1c8cc54	8675	44350	entregado	2025-10-02 20:43:15.096+00	\N	nequi
725c724a-163f-45a2-afb3-83f4ae55f354	3752	21000	entregado	2025-10-02 21:13:29.642+00	\N	nequi
b34d281c-e033-4f8d-817b-5b785e334483	4484	16000	entregado	2025-10-02 21:36:36.44+00	\N	efectivo
be065d1f-309c-4856-8144-d869edcf2e28	5579	11000	entregado	2025-10-02 21:35:45.992+00	\N	efectivo
880329d3-dbc3-4da2-99a1-727a8ab0ec81	2948	16500	entregado	2025-10-02 22:22:59.19+00	\N	nequi
9985e3dd-56b0-4337-b483-7ba98ae3b193	7625	13000	pendiente	2025-10-03 15:57:40.248+00	\N	efectivo
19974827-30ec-485c-955b-a6cf9d26bd06	3416	20000	entregado	2025-10-03 15:13:42.394+00	\N	nequi
1d11dfbc-0ca8-4ffa-9101-4716e9891ce6	6831	53700	entregado	2025-10-03 15:12:54.754+00	\N	nequi
299b4299-7d59-4277-aa73-0fc42e0f5586	1189	19500	entregado	2025-10-03 15:15:11+00	\N	efectivo
3043bd93-98af-49a4-b479-a5c2b3d0ff4a	3727	14000	entregado	2025-10-03 15:19:28.254+00	\N	efectivo
\.


--
-- Data for Name: caja_movimientos; Type: TABLE DATA; Schema: public; Owner: postgres
--

COPY "public"."caja_movimientos" ("id", "fecha", "tipo", "concepto", "monto", "metodopago", "order_id", "gasto_id") FROM stdin;
7801a332-8dd4-4dc1-8f6c-40e6aa55ef17	2025-09-22	EGRESO	Ingredientes: hola	10000	efectivo	\N	\N
101e77af-03e0-4d5a-845f-e8eb4b5caf1e	2025-09-22	INGRESO	Venta #6848	5500	efectivo	\N	\N
8293c678-98f4-4d74-8d4e-75ba59c46642	2025-09-22	INGRESO	Venta #4418	5500	nequi	\N	\N
4b11e696-163b-4aa2-995b-6583f2ab0c7e	2025-09-22	INGRESO	Venta #2267	5500	efectivo	\N	\N
461a70ba-091f-4582-8fff-cfcdfc0227b7	2025-09-22	INGRESO	Venta #5486	6000	efectivo	\N	\N
88177133-ae7d-475f-8141-fa2f0793c758	2025-09-22	INGRESO	Venta #1861	11500	efectivo	\N	\N
b37e407a-e67e-46e3-ac98-efe1b1ea44bc	2025-09-22	INGRESO	Venta #9105	15000	efectivo	\N	\N
89a51248-c412-427e-88bc-1f102de18f43	2025-09-22	INGRESO	Venta #4680	6000	efectivo	\N	\N
249c65b5-2f8a-450e-ad52-3d1ac5db1248	2025-09-22	INGRESO	Venta #5638	14500	efectivo	\N	\N
9ad7cb5f-f4c9-459e-8d6a-6a7038e9b37d	2025-09-22	INGRESO	Venta #3840	5500	efectivo	\N	\N
bf6bebbc-248c-44f3-8c4b-20a78558fb48	2025-09-22	INGRESO	Venta #4538	29000	efectivo	\N	\N
582d0844-4eeb-4fad-92c7-9cb055a5e279	2025-09-22	INGRESO	Venta #1869	27500	efectivo	\N	\N
06ed7c7b-c076-4888-9d83-983363a34b84	2025-09-22	INGRESO	Venta #9831	15000	efectivo	\N	\N
812ffb40-a6a6-46d0-8327-35e4ea78e428	2025-09-22	INGRESO	Venta #6231	5500	efectivo	\N	\N
216d64f0-7c17-4b04-9657-2639c1580246	2025-09-22	INGRESO	Venta #5006	15500	efectivo	\N	\N
52602dd9-e3e8-465b-adde-3cf52558a96a	2025-09-22	INGRESO	Venta #1754	36500	efectivo	\N	\N
36d91f43-aa75-41d7-84f7-c77d931e12c6	2025-09-22	INGRESO	Venta #4942	12000	efectivo	\N	\N
db142b30-66c4-46a4-a548-e539890ca741	2025-09-23	INGRESO	Venta #8420	18500	nequi	\N	\N
dfa25b3f-4fa2-43ec-bddd-264fab687592	2025-09-23	INGRESO	Venta #5674	18500	efectivo	\N	\N
67a68df4-9c15-44a6-bf9c-c4aab48c666e	2025-09-23	INGRESO	Venta #8161	9500	efectivo	\N	\N
41f62a4c-8dff-4a91-afe9-a7576bc19f9b	2025-09-23	INGRESO	Venta #8039	9500	efectivo	\N	\N
36015222-c5a2-4953-ae04-c65332311e0d	2025-09-23	INGRESO	Venta #3278	18500	efectivo	9d69b9cb-eda1-4d32-83a8-2a602a794389	\N
29eca59a-b8c6-4006-9e97-cf30dab788fa	2025-09-23	INGRESO	Venta #6424	28500	efectivo	c816883c-1811-416f-bb80-92ac3ff8d711	\N
c7e82afa-fed4-45be-8377-21f5b650bc03	2025-09-23	INGRESO	Venta #4153	18500	efectivo	4ace7a39-1bb7-4837-b544-20479ecfaac2	\N
eecbf37c-4525-453f-9431-42451b159daf	2025-09-23	INGRESO	Venta #4041	14500	efectivo	de7f4770-191d-4b57-ad9c-6468b2a0d51a	\N
7a164aab-9bcd-484c-9a57-0361309ffdfe	2025-09-23	INGRESO	Venta #2931	8000	efectivo	c8cde86a-df1e-47ef-8c13-d8468a25f3eb	\N
4d18b05a-8939-45db-8b72-40a11b77253c	2025-09-23	INGRESO	Venta #8055	15000	efectivo	d6a104ee-86fe-47e2-976d-47a99d172ced	\N
c92c2c1e-4d29-4476-ac63-718b4bcfdc65	2025-09-23	INGRESO	Venta #5954	10500	efectivo	270cb9c3-9278-47e2-89b9-36492b584e9c	\N
e28d4f70-cb88-4cb7-8d3d-df0d0672bb12	2025-09-23	INGRESO	Venta #7325	4000	efectivo	63195593-a2c9-41a3-887c-a129e1cdd976	\N
99fb8ece-2671-4121-b091-b376b4b4e29c	2025-09-23	INGRESO	Venta #3767	34500	efectivo	3d487325-f935-4c40-9e2a-236592e67b56	\N
a9d3ae44-e134-4450-b9a0-23a8cebb4bc1	2025-09-23	INGRESO	Venta #7287	15000	efectivo	c0b4015d-a729-4c9e-a220-cd6bb9b002f7	\N
d7581812-f0c4-4f93-b5b5-671100c9a804	2025-09-23	INGRESO	Venta #3468	18500	efectivo	7d385443-f410-4453-8e1d-9133ccfc279f	\N
60eaa81f-d645-4347-9037-67effceeacfb	2025-09-23	INGRESO	Venta #9099	15000	efectivo	507f5e77-20a2-4f77-8394-6bccf0eff0a2	\N
6bd6e7dc-ccf5-4e5a-8327-5a4209d040af	2025-09-23	INGRESO	Venta #1316	15000	efectivo	68f500ad-bb4e-4328-9d2a-9bcda8a7d6b0	\N
9b34a362-b4f8-4fd0-ac74-41521ac9ee25	2025-09-23	INGRESO	Venta #4075	15000	efectivo	4157c111-1cd4-4731-9e23-79474160c9e8	\N
1435936f-7200-4b7b-858c-62e5d8a3cf86	2025-09-23	INGRESO	Venta #9507	15000	efectivo	9a09e837-cc60-4521-bdfb-790fe3ec15f1	\N
5f39c949-43c4-4b7a-8676-2bcf4d3dbf6f	2025-09-23	INGRESO	Venta #8658	15000	efectivo	b88ba1fa-6f2a-4a1a-bbeb-1ef46feb7dcf	\N
f85c3bb6-fe39-4223-b256-a1992e3f45be	2025-09-23	INGRESO	Venta #5828	23000	efectivo	23eb2329-0c5e-4088-8fb3-36715c1d1f4c	\N
3a639750-bfaf-492f-81c8-5a5abfa328a4	2025-09-23	INGRESO	Venta #1581	16000	efectivo	b4d33059-dfdb-43af-94b8-c04e0a270161	\N
440f149f-5bec-4531-a869-f4e5dc8f4166	2025-09-23	INGRESO	Venta #9788	56500	efectivo	615f8381-992b-4d15-8313-899413b973fb	\N
e75dbab1-6e06-4616-aea5-6c166ee03da7	2025-09-23	INGRESO	Venta #9573	12000	efectivo	0168c10e-c788-426c-b706-3c57300c52f1	\N
0740d249-c524-43a2-9d90-c56ce5fe0aac	2025-09-23	INGRESO	Venta #4875	6000	efectivo	c5be6c87-d4d6-40a4-afa5-edb12ae9365f	\N
1c79ec1d-a7f6-410c-9a35-07ad42876bc8	2025-09-23	INGRESO	Venta #8794	31500	efectivo	1529133b-90d2-498e-a089-11ee20022e23	\N
c80abaca-3021-4312-833b-b2d48f401976	2025-09-23	INGRESO	Venta #2777	18500	efectivo	a064c078-e503-4588-9f1a-5833ab74af57	\N
b43f76c8-83bf-4084-b530-0f7ffd4e7973	2025-09-23	INGRESO	Venta #1486	14850	efectivo	5d597deb-c39d-48b8-bb7c-d6e593929397	\N
c54550b8-ae6f-4d20-8742-27dff5f988cc	2025-09-23	INGRESO	Venta #2822	13000	efectivo	0e99f28d-a472-4ab9-b6f9-0c898b40ba88	\N
bc5f5b75-3832-46ab-aa61-7dcc9903a6a4	2025-09-23	INGRESO	Venta #1008	44650	efectivo	842fbc54-bda1-4b20-957e-85d656cc4a3e	\N
656d1fd4-d8ec-4d66-b084-437e762d09c1	2025-09-23	INGRESO	Venta #6555	8500	efectivo	5cb52fcb-f91e-49c0-939a-a4dfe0d1cb58	\N
e0ba5e93-42b4-48dd-a1d4-34fcc0f15424	2025-09-23	INGRESO	Venta #1657	14500	efectivo	\N	\N
16a62904-8373-4b6d-904a-9e76b84bedf4	2025-09-23	INGRESO	Venta #5996	26500	nequi	\N	\N
bcd709d1-e277-4020-864e-268cc1205f25	2025-09-23	INGRESO	Venta #9353	26500	efectivo	b0d9be7c-102e-4bfb-a027-33a1cd9996ea	\N
b86124e8-bdee-4b1f-a26c-770820260049	2025-09-23	INGRESO	Venta #4142	19000	efectivo	\N	\N
c4d5171d-401f-49f9-ab7d-6de2c2243138	2025-09-23	INGRESO	Venta #5496	19000	efectivo	9cda329f-736a-45a1-b779-94967eef478f	\N
a577a899-b57d-4ae2-9c77-cdd83c00034e	2025-09-23	EGRESO	Ingredientes: Uvillas	3800	efectivo	\N	\N
affdf207-0cd2-463c-8c12-737c4c92ef8d	2025-09-22	EGRESO	Ingredientes: Apio	2500	efectivo	\N	\N
1c2bc831-0307-495c-958c-032bdfec9f9b	2025-09-22	EGRESO	Ingredientes: Uvillas	3800	efectivo	\N	\N
caf8aa6a-ee95-4ff1-a4ad-cc97a8239eb4	2025-09-22	EGRESO	Ingredientes: Uvillas	3800	efectivo	\N	\N
ffc72c0e-6aa6-46f1-a5b9-5f02fa73084f	2025-09-22	EGRESO	Ingredientes: HOLA	2000	efectivo	\N	\N
00a1bd4e-4db6-49ae-8086-6ac7ff5579d4	2025-09-22	EGRESO	Ingredientes: hola2	3000	efectivo	\N	\N
aa2521f2-fb44-4453-80d4-024bebd7953d	2025-09-23	EGRESO	Ingredientes: Uvillas	3800	efectivo	\N	786efe72-4b29-4a12-8e2a-e1bcb4d5baac
37319b1a-b637-43ac-a120-99e5f5877ee0	2025-09-23	EGRESO	Ingredientes: Panela	2900	efectivo	\N	c5b7b0c0-9409-4c07-ab55-d16be77c8091
560896f3-a379-4a2a-ad6e-cc9f60d9a081	2025-09-23	INGRESO	Venta #5956	39000	efectivo	9570fce9-c17a-479b-a87c-40d2bcf40312	\N
6d159d48-8af7-4865-9695-d75967a3c2f5	2025-09-23	EGRESO	Ingredientes: Champiñones	28000	efectivo	\N	b82e5b20-bbe7-448b-be66-e363cc409a36
e2682dc6-09d4-4ce2-9d80-57b0d3c6b742	2025-09-23	INGRESO	Venta #3716	1000	efectivo	\N	\N
9b6b6eb2-bd1c-4c17-9e4f-a0f0a9ecff8d	2025-09-23	INGRESO	Venta #1539	16000	efectivo	529b3152-2ab2-4e97-9e1d-bd9a3ab0975e	\N
54019c0a-fa8e-46a6-a4a8-a1609309fb85	2025-09-23	INGRESO	Venta #4070	30000	efectivo	9c872a93-c09f-4346-9c46-0883e8fdf576	\N
fa23839c-a48d-4ba1-871a-c534dfc6dc2e	2025-09-23	INGRESO	Venta #7940	40000	efectivo	f361c481-118d-4e72-8658-058715d72db2	\N
d15138af-73f8-4b9b-b584-09efc6611fbe	2025-09-23	INGRESO	Venta #1941	15000	efectivo	fd5de209-af3b-4a6e-8bb8-f0876ae61b11	\N
842abd50-4707-47e7-8470-2cd981f6080e	2025-09-23	INGRESO	Venta #1008	32000	efectivo	c83d1ab6-6390-4786-848a-094e60de15cd	\N
b8b62eeb-9649-42c9-a038-33fe9ee98ce9	2025-09-23	INGRESO	Venta #6654	8000	efectivo	9040b73f-77bf-427b-b0c2-1bb2526c0086	\N
103261aa-dc05-4c50-a25c-2ff9387b89ea	2025-09-23	INGRESO	Venta #7065	8000	efectivo	5879eaea-d972-4277-a405-30978f25166e	\N
5f7c9527-d8e4-4b48-bcc8-76f3f7c21b1a	2025-09-23	INGRESO	Venta #4082	30000	efectivo	ae2bebca-571e-4c07-8670-757db996718d	\N
5b5cf757-944f-4767-8536-209493780389	2025-09-23	INGRESO	Venta #7311	30000	efectivo	15cbe337-b663-447c-86e5-c1cca381e249	\N
01c6d160-c16e-4445-8512-559ef47fc9ad	2025-09-23	INGRESO	Venta #4598	29850	efectivo	c26ad814-d661-426f-905b-9e1d7db637c2	\N
eb541a4a-7b32-4606-b542-698a94493cb5	2025-09-23	INGRESO	Venta #8870	18500	efectivo	\N	\N
b14061bb-ccfc-4362-8835-3c44b4e060f6	2025-09-23	INGRESO	Venta #3087	17100	efectivo	7535363c-d10d-4d35-abdc-4eae97bd274f	\N
d9b77f83-7a85-47c7-8563-a6cbc2802803	2025-09-23	INGRESO	Venta #5304	5500	efectivo	\N	\N
b9937c7b-5a77-49f1-b0f9-aca6ce65d970	2025-09-23	INGRESO	Venta #4795	16000	efectivo	75f77883-a796-4df2-9bd8-d4bd423c0c1f	\N
77aea1bf-9cc0-4a40-bc1e-fca35e8d525b	2025-09-23	INGRESO	Venta #6262	14850	efectivo	00778b23-695c-48f2-92ab-b3742b61b855	\N
7b029927-ccef-473d-8436-fe103e5362cd	2025-09-23	INGRESO	Venta #7020	24500	efectivo	32369dfb-eef0-4209-9ced-9e6b6f1e381e	\N
0317761c-061b-4b1a-81af-87791d3373d6	2025-09-23	INGRESO	Venta #4479	41000	efectivo	6b96efb7-0e92-4bc4-87fe-0e95a4e561da	\N
d74e6d7f-5db4-442b-a8d8-b664594d2671	2025-09-23	INGRESO	Venta #6564	15000	efectivo	1ca8ba41-cc65-425c-b4f1-3ddae293522d	\N
4d0f9713-3c0e-48f6-8555-cb92a3bdc818	2025-09-23	EGRESO	Ingredientes: Aguacates	12000	efectivo	\N	b9a97ba9-60c1-4898-bdfb-22f1b4da4446
623d30db-c00f-4b4b-a4bc-5daacc773956	2025-09-23	INGRESO	Venta #8914	21000	efectivo	c84e0bb3-b3d4-478b-b76f-b27a105878ba	\N
54d51133-a595-4031-8d81-d8243bbefa39	2025-09-23	INGRESO	Venta #8011	38500	efectivo	6d5ced47-a91b-4990-963f-0fd31d3fe824	\N
2cb663f9-9d81-4992-b12a-2e16c4db8d68	2025-09-23	EGRESO	Ingredientes: tocino	56000	efectivo	\N	5f05c3e1-2cf2-4808-bc86-946cf5917809
c35db7e5-ad16-47ec-90f2-ff4476777575	2025-09-23	EGRESO	Ingredientes: kiwi	11500	efectivo	\N	da87fdde-20a3-427f-83e6-df461b56e6dc
e33bef64-e8a3-451a-83f1-61ac803a96eb	2025-09-23	INGRESO	Venta #3713	4000	efectivo	\N	\N
12cd6e0f-ac04-47e1-8f9b-4a521d671c9a	2025-09-23	INGRESO	Venta #9692	8000	efectivo	4dcdbf9e-9136-491c-986f-401f60bdaf58	\N
90a7d199-a7f2-4f28-8fcd-7331757348ac	2025-09-23	INGRESO	Venta #2356	54000	efectivo	64fa9dbc-f255-415a-b34f-a27d3332157b	\N
aa44c814-00c1-4265-a1dc-13fd5b80bf57	2025-09-23	INGRESO	Venta #1849	11000	efectivo	dea8fbf9-2118-4343-ac86-f71661501468	\N
c08ce32f-97f7-44ec-93db-b8044e9a522b	2025-09-23	INGRESO	Venta #4686	11500	efectivo	eeff4778-0520-48ff-8e11-55787643ec39	\N
7de87cfc-ea6e-4254-8357-7e3d4303e8dd	2025-09-23	INGRESO	Venta #9129	20000	efectivo	003acb1f-0db0-40e0-83e4-e23529ff6a60	\N
51b66d0a-0852-4bfa-9da3-86378019be55	2025-09-23	INGRESO	Venta #1768	14000	efectivo	07fdd121-94d2-43e8-b856-44e10ae325a8	\N
012c67e1-447f-42ee-9fd1-31b5e92a83cb	2025-09-23	EGRESO	Ingredientes: leche andi	24900	efectivo	\N	729fd5d2-8d73-4035-8237-0e6de80f91e8
5ccd6d7d-871e-4a50-90dd-3d704053257b	2025-09-24	INGRESO	Venta #7139	54500	efectivo	cee5fc2e-f3c2-4cc1-afd8-686b6d303a7c	\N
836a3a18-1b9a-4b5b-8d53-06d2ce507433	2025-09-24	INGRESO	Venta #2120	23500	efectivo	d2c2ebe9-f796-4351-9134-5b03641020e9	\N
23fc5af4-8a81-4d04-9e2b-574b9e50bd85	2025-09-23	INGRESO	Venta #2189	28000	efectivo	\N	\N
50809f24-95a4-4ebe-92e6-1a70af39a0b6	2025-09-23	EGRESO	Ingredientes: Quajada	12000	efectivo	\N	9ac3936a-d9e1-4e86-9bee-ef53da1dfe82
0e372966-4747-4c93-a3d8-9554b94d4b1d	2025-09-23	EGRESO	Ingredientes: Cilantro	1000	efectivo	\N	1f5ecb57-fa8c-4c33-9df3-bbdd20b6cd27
6d6acd03-e442-4e33-a060-128b5397f7ba	2025-09-24	INGRESO	Venta #5916	40000	efectivo	bc32d274-8c58-4591-8669-e76fa7b6a1f7	\N
c5643ba8-b706-4408-9efc-15387f789ad6	2025-09-24	INGRESO	Venta #2960	40500	efectivo	\N	\N
f1f7d2a2-9fa4-4857-9ba2-5298df840566	2025-09-24	INGRESO	Venta #3343	69500	efectivo	\N	\N
694ebd92-1b27-453a-a201-38c3e2c34da4	2025-09-24	INGRESO	Venta #8991	69500	efectivo	cb353b71-1ebb-4704-88e2-e1bc53cbe1cb	\N
c12e3ced-7cea-4bcf-b2d3-1d3bc8919d69	2025-09-24	INGRESO	Venta #5584	8000	efectivo	311ae63b-e7c6-4022-98ff-f059b7255029	\N
15d9adee-4281-48c9-a851-0f6bc92857b7	2025-09-24	INGRESO	Venta #7104	67500	efectivo	1e035429-2e7a-47d0-8bbc-73bf2a403e23	\N
b3de1031-f444-44a3-92a2-384164204123	2025-09-24	INGRESO	Venta #3840	76000	efectivo	25cecc96-c8e5-4e72-a78c-58fc76f1230e	\N
28d11a6a-0fee-43ef-b830-263f395a093a	2025-09-24	INGRESO	Venta #4928	76000	efectivo	\N	\N
0193e9a7-f935-4a92-beba-0245bafd3bb9	2025-09-24	INGRESO	Venta #9775	27500	efectivo	7022e0a3-2a51-4cb6-beb7-4e6587e0eb9d	\N
9903f921-c1b4-4b81-bd02-13cdfe18bc2a	2025-09-24	INGRESO	Venta #7702	14500	efectivo	\N	\N
b8364e9b-b492-49cf-bcd5-7786eb1d4f05	2025-09-24	EGRESO	Ingredientes: Pan Sandwich	19600	efectivo	\N	3927a6f7-c003-49af-bfe4-19f537b10f2e
6eb4d040-5f1f-4b03-b006-2c4616cab884	2025-09-24	EGRESO	Ingredientes: Aguacate	12000	efectivo	\N	b960b12c-e282-4469-9a47-64dc29f813ec
833122a5-33aa-4665-b6ef-2375ae4298da	2025-09-24	EGRESO	Ingredientes: Champiñones, Limón Taití	26600	nequi	\N	1e81aa05-d1c8-478e-a033-d75529542c08
a22224cc-6a03-49b2-8913-5447031b3c40	2025-09-24	EGRESO	Ingredientes: Quesillo	12000	nequi	\N	a7a967dc-07d8-401e-baaf-7ed1aa9ada65
9d089b86-6c5c-45e4-9c5e-40183d6500f6	2025-09-24	INGRESO	Venta #6691	29000	efectivo	611df515-c40a-46aa-b953-d1c79416902f	\N
492e0472-7966-464b-a139-321d0b6ca39a	2025-09-24	EGRESO	Ingredientes: Champiñones	17600	efectivo	\N	1d5e34ad-9dce-4ebd-887d-2e519e5bb99a
17014397-3967-45df-bc52-9f6c673817ea	2025-09-24	EGRESO	Salarios: PRESTAMO BELEN	60000	efectivo	\N	8091d6bc-85c8-481c-b646-4c888d050415
a614f94f-a4ed-41f0-911e-f45c884c4fab	2025-09-24	INGRESO	Venta #9675	35000	efectivo	f86ca3e2-2fc5-4918-b3d1-78c2255ba587	\N
760afb48-7629-446e-badf-58b54f96c487	2025-09-24	EGRESO	Ingredientes: Toalla Cocina	3600	efectivo	\N	4e2b6c5a-f72a-48b1-825f-fbde0061c282
a9b71418-ccdf-48d8-a81a-cf1dd5ed2314	2025-09-24	EGRESO	Equipos: Servilletas	4500	efectivo	\N	cbe0a98e-aec8-4d57-9e96-de8d09a60318
c4310732-32a2-4850-9458-fae6e8a12194	2025-09-24	EGRESO	Equipos: Desengrasante	6300	efectivo	\N	4236d432-643a-442a-9e08-2eb3c91bc998
512efad4-f78d-4383-87f7-b50f92b67e1a	2025-09-24	EGRESO	Equipos: Aceite	12600	efectivo	\N	6b1e2490-4125-46a4-917f-56d548641bbd
a9f754d3-817f-4932-a78a-aa9d7e04bcf6	2025-09-24	INGRESO	Venta #7843	16000	efectivo	625d0891-e934-4f39-b94a-5f83beb50503	\N
25216943-7650-44b7-832f-fedb4973e416	2025-09-24	INGRESO	Venta #2484	33500	efectivo	\N	\N
ce899b71-af2b-4917-8c69-c047f2f8484c	2025-09-24	INGRESO	Venta #1612	17000	efectivo	f14569f9-5d32-49bd-a92e-53da5226951a	\N
959d8c07-a21b-4584-92e6-b994af879e6d	2025-09-24	INGRESO	Venta #7086	48500	efectivo	93b9a4a6-52d6-4729-ab9e-c058cf38e2d2	\N
95461af7-e5a8-449e-b14f-3f818b1a7da7	2025-09-24	INGRESO	Venta #4312	14500	efectivo	\N	\N
43f41770-1437-4803-a0ad-50d37e357fcc	2025-09-24	INGRESO	Venta #3131	20000	efectivo	6e341b21-50c3-43fc-a256-d21a50eb6f7a	\N
84c2345c-bb8b-4a63-8ca0-dfa54648c217	2025-09-24	EGRESO	Transporte: Domicilio	6000	efectivo	\N	7534af85-7297-4a68-8412-765381d91c52
4594d67e-e72a-49ef-bb4b-a9a6ddc94d8f	2025-09-24	EGRESO	Ingredientes: Queso Crema	13200	efectivo	\N	46d89c96-3208-413a-8247-4f6e96d25016
556b1493-c566-4e21-b390-8dd8a5dac01b	2025-09-24	INGRESO	Venta #1999	4500	efectivo	db7fd491-754a-4b36-aed2-c7a6dafd4b9b	\N
bc211df6-fde8-4d8e-90ec-00f15e94f465	2025-09-24	INGRESO	Venta #4029	15000	efectivo	86cd8216-cc20-44ca-9fd2-fff78e8bbb9a	\N
a0a89ce7-643d-477a-ae4f-05d691cdbfe2	2025-09-24	INGRESO	Venta #7905	21150	efectivo	0ef7b910-3764-4969-8787-6557dc8e0162	\N
c039f91e-2c55-499c-aab4-ac2eef209081	2025-09-24	INGRESO	Venta #7191	47500	efectivo	137155b2-2f48-46f2-ad0b-9d7517875112	\N
eef8d7df-1057-45ef-bf93-76305739c51d	2025-09-24	INGRESO	Venta #3817	18500	efectivo	abdb000c-7707-43ab-bff2-f11d298473b1	\N
16e52c82-645a-4dd0-b4fc-a6f1bb2b219b	2025-09-24	INGRESO	Venta #6971	10500	efectivo	64609646-ea6b-48cb-ad69-6f9b570ca387	\N
3f6ce7f1-2725-4f81-a760-1a299a941f98	2025-09-24	INGRESO	Venta #5524	60000	efectivo	02194b42-3755-4374-a2b7-f099a74381d6	\N
1bca2a81-4065-40a5-b01b-2d7c209a8028	2025-09-24	INGRESO	Venta #1732	8000	efectivo	7655b835-6a78-4b29-bc57-1b80ceeab56e	\N
bdf9d971-d010-430e-8c88-8f6baf0a045b	2025-09-24	INGRESO	Venta #2194	31000	efectivo	cad9ac26-00bf-479e-8805-56adbb11cd7e	\N
53490284-3975-4ae7-a9f6-d7a41552760c	2025-09-24	INGRESO	Venta #6812	14000	efectivo	21872caf-7ab4-442c-a678-02fbe00879f9	\N
5424d0c0-52bd-45c1-bac8-11ce4dddb40d	2025-09-24	INGRESO	Venta #8507	26500	efectivo	ce08628a-6482-492d-b876-0a6b1e4673e0	\N
a4de54d3-ad5f-49d0-bde7-cb52c3bd9d5b	2025-09-24	EGRESO	Ingredientes: Carne	56000	efectivo	\N	71a698a0-ed2d-4ddd-86fa-b4e087c7eda3
4354835d-9f33-42b4-966a-fe82aacf5485	2025-09-25	INGRESO	Venta #9978	15500	efectivo	7f8fb50e-b18d-4239-8663-6d9c3f553052	\N
7cab83e6-791e-4fd2-8f0e-4f9f4a0a95b1	2025-09-25	INGRESO	Venta #4934	8000	efectivo	17ccdcf3-5e51-4d1f-8e43-f7f46dfb728f	\N
1bc9ed56-93c3-4497-ab1a-186fa90cc4ef	2025-09-25	INGRESO	Venta #8906	10500	efectivo	40bb8986-bf67-46c2-8bbf-1696fce069dc	\N
95ec1748-6e87-4cda-b1cd-b0f70791799b	2025-09-25	INGRESO	Venta #9469	4000	efectivo	0abc1107-2f6b-4924-979f-acb1c5a2ac39	\N
bb32ee17-ae80-458a-bd21-db5cf4d3b036	2025-09-25	INGRESO	Venta #3254	22500	efectivo	39881f31-5bc0-4c79-8daf-95a1a220733e	\N
70265efa-560c-4b63-8639-ff7a937ebd29	2025-09-25	EGRESO	Ingredientes: lacteos 	48500	efectivo	\N	21eae36a-9489-4253-ac0b-ac59cfd907b1
9fed45a1-b904-4930-af1c-cda9056ebd61	2025-09-25	EGRESO	Ingredientes: frutas	31500	efectivo	\N	5925198c-5cd6-46a4-a4bd-1073ed51165e
8398cad8-320d-4d45-90c7-b09c613a4479	2025-09-25	INGRESO	Venta #5398	53000	efectivo	62a18460-3c21-4aae-9c9a-85b55942e8cd	\N
cf656d08-65c6-402d-8360-9f0636ec296f	2025-09-25	INGRESO	Venta #6803	30000	efectivo	bd456dd0-e17e-4027-8a48-42c8642bed5e	\N
d6d0172e-260c-4bd2-9758-1d2547a28056	2025-09-25	INGRESO	Venta #9720	49000	efectivo	6a956be1-abcb-42ce-85cd-1f4737c9faa6	\N
919b3000-f6fa-4342-aad9-067ac2f19958	2025-09-25	INGRESO	Venta #3490	61500	efectivo	8960b373-f72e-4801-8554-bb96e12fcbad	\N
0cab3a20-f214-4c18-9412-43aab277ce86	2025-09-25	INGRESO	Venta #2872	15000	efectivo	4a798f19-a186-4806-8cd9-d7e21a5ac611	\N
d36094db-e490-49aa-a9dc-9f6af7cf68c5	2025-09-25	INGRESO	Venta #5579	15500	efectivo	8b28c63b-b7a2-4ffe-85d3-0ffdda92c425	\N
316b975f-5be5-4d14-93f4-6cb92f875dd4	2025-09-25	INGRESO	Venta #7196	20000	efectivo	d2f08b77-b59c-4747-b618-80922eb9595b	\N
7ed6036a-5d34-4514-830a-b44bffe6aed2	2025-09-25	INGRESO	Venta #8944	8000	efectivo	752926a2-263a-4df1-8020-9ad62a38612f	\N
1dfcb79e-b2ec-496a-aa55-47293e94899d	2025-09-25	INGRESO	Venta #7291	8000	efectivo	\N	\N
be1ee401-1899-44a3-bde8-16e4215aa2e6	2025-09-25	INGRESO	Venta #1473	8000	efectivo	59f3531f-f178-4f8d-812c-1e873ef0d5cf	\N
0fde8dde-c08d-4756-a25f-7d615756a224	2025-09-25	INGRESO	Venta #6912	8000	efectivo	5171d0d9-51cf-4a66-928c-28260ade997b	\N
76148b2d-aefa-43f4-b9ef-bd23688e6f38	2025-09-25	INGRESO	Venta #6846	49000	efectivo	88a07553-c5e5-4433-97c2-e1f9ac5d204f	\N
a93aabab-1a5a-4e72-afb9-2eff9e652aaf	2025-09-25	EGRESO	Ingredientes: coco rallado	8500	efectivo	\N	59370c05-e520-4f30-85db-a67fc040a3ab
fa7632a4-2065-42e9-940f-96d5edfb58cd	2025-09-25	EGRESO	Ingredientes: tocino 	56000	efectivo	\N	40a1c3d3-f7c2-463d-8e59-3a9486f8f788
edda495b-aff1-4d9a-921c-e369d09bed09	2025-09-25	EGRESO	Ingredientes: chips de vege	21000	efectivo	\N	f3db0e55-18fd-43b6-8055-bb6399070601
64299228-518c-4a49-ac7c-3e38585fd285	2025-09-25	INGRESO	Venta #2766	24000	efectivo	225062c4-12c9-497a-8240-bdf580b7d4ab	\N
e4705c04-1460-47a3-a936-ee0b1a5f2aa8	2025-09-25	INGRESO	Venta #8639	44500	efectivo	d91aa98a-666c-49f6-8201-007f30fb283a	\N
ada6a22d-6455-40cd-ba13-edd88ce448ed	2025-09-25	INGRESO	Venta #6625	2500	efectivo	\N	\N
00cda2f9-75c7-422b-9f4a-9f80dd05f888	2025-09-25	INGRESO	Venta #7768	11000	efectivo	bcc0a152-00b3-40fd-ab14-e511365a7573	\N
08e4644e-3419-4056-b298-bace4d929706	2025-09-25	EGRESO	Ingredientes: carnes	310700	efectivo	\N	9898a360-4a61-4042-a0c3-77d37d2fdd37
76751bf3-dd64-4446-ac0a-40119d647deb	2025-09-25	EGRESO	Ingredientes: pastelería	364000	nequi	\N	3e338c8b-a400-4913-bdbb-4ec1726f23a1
25de6a5f-72bc-443b-b900-c4740f846d13	2025-09-25	EGRESO	Servicios públicos: energía 	118600	nequi	\N	aa368303-a654-42d7-b6ed-ac19f1a43b0b
ccc7d982-8030-49bf-849e-1a83880c444f	2025-09-25	EGRESO	Servicios públicos: agua	83500	nequi	\N	29c0f0f1-f1f0-435f-b30e-9d5d8a07eb14
e363a052-bbb0-4bd4-9c88-cfe7dda515da	2025-09-21	EGRESO	Ingredientes: carnes 	235500	nequi	\N	61c25838-ef44-4458-a4ff-f257b509a636
0f8b3b10-ed85-4606-9e5c-ed6fa5c36e56	2025-09-24	EGRESO	Servicios públicos: internet	77300	nequi	\N	564957bd-fc85-40bf-998b-99e8cc12db30
1ca6b28e-abcc-4bd6-bd0f-ff97ddfc5a5a	2025-09-21	EGRESO	Salarios: Andres David devolver a Bri	371000	nequi	\N	b0949a81-d435-4216-9cb2-526d53af8ba0
bb1f9921-136e-4ac2-98c0-2132d46b3d10	2025-09-25	INGRESO	Venta #6262	15000	efectivo	938c755c-ce35-4e70-945c-beb8b738caa5	\N
132842f3-1e3b-4073-99d7-3022673697fa	2025-09-26	INGRESO	Venta #7630	4500	efectivo	75b049fd-9437-482e-98b5-bdee58ea9736	\N
1d6ae9ac-920e-4804-96e9-e29c480047a8	2025-09-25	INGRESO	Venta #8407	14850	efectivo	\N	\N
4eb97f72-1903-49d0-b9ae-11e7ef6d090a	2025-09-26	INGRESO	Venta #5262	14850	efectivo	3e60d411-6149-457b-a6bd-bf62b3efe5b9	\N
c4519537-b1e7-4f47-a301-5ea8b68a8770	2025-09-26	INGRESO	Venta #5355	5500	efectivo	5922ba0d-9d78-465f-a4e6-5129e6eb5a8c	\N
45890a91-77cf-4928-94e1-6dd37e7db674	2025-09-26	INGRESO	Venta #1324	70500	efectivo	\N	\N
4ca4bfdd-69ed-4552-b4ac-1283c9c0584e	2025-09-26	INGRESO	Venta #9706	70500	efectivo	eca4d05d-183e-43c5-af90-5a7f8a000bb0	\N
cde2a918-274f-461e-9bab-b0061b49653f	2025-09-26	INGRESO	Venta #2797	15000	efectivo	32a4b5da-dab6-4957-a8c3-b7652cf21b11	\N
013d8528-9616-45ba-85ad-2ab1150e386e	2025-09-26	INGRESO	Venta #5746	1000	efectivo	7fa3054b-bd50-46cc-8d67-d9a85513f801	\N
7ae59469-333d-41ec-a7a6-40a8029a0a7d	2025-09-26	INGRESO	Venta #9184	4500	efectivo	6a1de093-9ed0-405b-adb6-da2912cb2c4a	\N
a2c789ac-693f-4fac-82f5-66a8d55cf677	2025-09-26	EGRESO	Ingredientes: champiñones	56000	efectivo	\N	85fb5b87-02fc-4deb-b4d2-9b5f471ded10
7f3c9b06-9f29-4605-aea4-6aac24c54f08	2025-09-26	INGRESO	Venta #7331	18500	efectivo	bf0e1bad-f3b9-47d0-b4f6-c76c3a6db48b	\N
b65bdd7d-232a-4e15-908f-bb6bfb2af28e	2025-09-26	EGRESO	Ingredientes: semillas de girasol	6000	efectivo	\N	537aa832-0c59-4ecd-a225-d5187da0967b
9f63044f-9f09-49ae-bf18-3392d70eb436	2025-09-26	INGRESO	Venta #2505	16000	efectivo	bdf830c7-987a-461a-8451-8de8a48eb804	\N
62c25045-4277-4b39-a2b7-178712bbeff0	2025-09-26	EGRESO	Otros: atomizador	6000	efectivo	\N	5670d8e9-e839-4c45-99c0-bbee4c023361
869298ae-421b-4297-bd4e-83bddb0a43a3	2025-09-26	INGRESO	Venta #3023	45000	efectivo	19ddf036-cf1e-4e5b-aa22-575b61fd5d07	\N
737ea3be-6a4c-44bd-8770-5402c58dcc7d	2025-09-26	EGRESO	Ingredientes: aguacate	30000	nequi	\N	3594fd5b-a896-4776-985b-0aa9ecd839d8
c8b42f71-27b5-40df-8028-543d2d373b58	2025-09-26	INGRESO	Venta #1514	32000	efectivo	ac4f60b8-e38c-448b-b3ba-3367e9205963	\N
d58153a8-1112-43e3-8df8-dcf5bf726438	2025-09-26	INGRESO	Venta #2753	34000	efectivo	2cd67630-cc8e-46f7-a0c7-7ae817e4d999	\N
2b7329f4-c187-4bc5-816b-16dd29e11982	2025-09-26	INGRESO	Venta #2118	26000	efectivo	fd386411-5f43-401a-803c-062a135e7796	\N
67cbd787-58be-4fea-8a01-85ab51a7ebd9	2025-09-26	INGRESO	Venta #1283	1000	efectivo	379dd81b-f12e-42b2-a05d-c8ea1f2e6b09	\N
2e4f6b13-b3a9-4243-8b02-d9b95cae72fa	2025-09-26	INGRESO	Venta #7223	4000	efectivo	af800575-7c8f-43d8-8892-af4b2ef67f98	\N
40a78acc-ce9b-455a-b929-3d93076edb8e	2025-09-26	INGRESO	Venta #3499	15000	efectivo	\N	\N
3e71f54e-d180-4f06-8b4d-ab21a0c1ea75	2025-09-26	INGRESO	Venta #2541	15000	efectivo	c9c96e5f-702e-4be9-b984-9b95782cf82d	\N
2d6added-a69e-44cc-add1-d15fb4385dbb	2025-09-26	EGRESO	Ingredientes: Bananos	4800	efectivo	\N	d77ef232-c5c8-4fa1-af23-57d4d896455a
9b37ccd7-6866-439f-ae90-0209a4e091b1	2025-09-26	INGRESO	Venta #3118	15000	efectivo	a2c47dd5-d797-4244-8ee0-c902fa2b6ed9	\N
65061cf0-c133-4b81-8e77-029449419926	2025-09-26	INGRESO	Venta #3593	10500	efectivo	393b94f0-50b8-4809-90a5-f558b3207b4c	\N
b615c23a-228b-4f16-b1bd-9ec5451b5f38	2025-09-26	INGRESO	Venta #3378	21000	efectivo	50835f25-7aaa-4838-9e03-a0c2974fbe0f	\N
894f93b4-308c-4949-8d69-ea94add1544c	2025-09-26	INGRESO	Venta #5848	31500	efectivo	c3eaf608-af3f-4779-a8d8-09a95531e3bf	\N
0b0269c4-c5fe-4471-a5cd-7a6b699cc233	2025-09-26	INGRESO	Venta #9161	33500	efectivo	a55611c1-1b2b-490a-bf1e-55a1bf4814cb	\N
1b1d0ad6-b061-497f-bb67-b1648b41a5a9	2025-09-26	INGRESO	Venta #9365	10000	efectivo	8a1d67aa-6d2f-4e4e-8f41-a1f6932cff60	\N
0574a8f2-9b0f-469b-83d4-67904e5ca037	2025-09-26	INGRESO	Venta #8321	26000	efectivo	31dd0943-ee42-4452-89db-30a674a3a566	\N
f8219979-907a-40f9-9df0-b2a68490efc8	2025-09-26	INGRESO	Venta #6335	23000	efectivo	699c3091-60f3-4ebd-9e7a-eae5761cf886	\N
42bcd767-dc76-42e1-af85-a96e1bfd90bf	2025-09-26	INGRESO	Venta #9601	12500	efectivo	b1a3a135-4128-4da2-af1c-e30d7a5b2b38	\N
1696eb73-a755-461f-b276-a69ff9c4d6eb	2025-09-26	INGRESO	Venta #8026	29500	efectivo	c3fc8389-3132-4ad8-b208-a0f1e24f1805	\N
1a9c92c1-5ecb-4556-9d4c-a9ab2dc3b999	2025-09-26	INGRESO	Venta #6629	26500	efectivo	ffecc9b9-a793-4e81-b2f0-264ec27229e1	\N
bbdbb003-942d-4d90-b12c-00ee52d777ba	2025-09-26	INGRESO	Venta #8948	41500	efectivo	79bc39d6-88d6-4aa3-8193-340423f2f90c	\N
69d673a5-b432-44e3-9e0a-80b07a8ccbdd	2025-09-27	INGRESO	Venta #1273	18500	efectivo	f46c5e1d-9105-4e81-aaeb-b5aec4291c34	\N
8bf17706-be8d-4989-a576-a91226bf954f	2025-09-27	INGRESO	Venta #5043	13500	efectivo	740dbcef-bbd0-4913-8028-931694ff4839	\N
2d9bfd90-0f34-48ac-be05-b9041c45f9b1	2025-09-27	INGRESO	Venta #6998	9500	efectivo	0effebc6-07f6-4442-853b-687471a63aef	\N
aa1d4ee9-6e10-455b-936a-829174f84572	2025-09-27	INGRESO	Venta #2919	14000	efectivo	3ef182d4-d4cf-46cb-b375-3738ac2e8f08	\N
2ec1256d-edca-4e5e-ae62-120b4c6e00c7	2025-09-27	INGRESO	Venta #7887	10500	efectivo	a79f3aa9-fe31-4cd6-851d-4214af87b733	\N
72da02bc-f4be-4392-b2ed-41e053eb467d	2025-09-27	EGRESO	Equipos: Guantes	2000	efectivo	\N	d24c6375-e447-473e-b6d9-2e0e019825fd
179e398b-485a-4b57-9f92-c9e8015f7449	2025-09-27	INGRESO	Venta #2788	31500	efectivo	4a9860a0-4f38-4b97-9c13-3de185de14d0	\N
d4aca166-46d0-4e9c-b6c0-26edfd741dff	2025-09-27	INGRESO	Venta #3669	9500	efectivo	0d088a22-dae2-4606-b02e-831fb5095977	\N
351731ac-cbf8-4aaf-8a80-5a60c0d4d312	2025-09-27	INGRESO	Venta #7120	22000	efectivo	4531779c-3b51-465e-b13b-da604123444b	\N
6dee62e4-d66e-473c-a270-07910f5f91d7	2025-09-27	INGRESO	Venta #5294	19000	efectivo	61ebd998-1fbe-4382-b2b4-bad5bbe8c122	\N
52827768-80e1-41c9-8979-814b2442067c	2025-09-27	INGRESO	Venta #5150	30000	efectivo	cbb64822-2388-4f5c-83c3-094d9458b14f	\N
7decc50c-3fba-42bd-a7b7-4e21a966349f	2025-09-27	INGRESO	Venta #9813	15000	efectivo	2c3c4da6-4e94-4591-abd8-dfd018f45bb0	\N
98906510-bf14-43a6-9e48-f8269c6ef312	2025-09-27	INGRESO	Venta #4484	47500	efectivo	7778d92c-20cf-475a-97d4-60282845ac1f	\N
08bd9771-ea1f-4251-90e4-b5878c0f07bd	2025-09-27	INGRESO	Venta #8504	37500	efectivo	8c5e7c78-3cb9-44fa-bbd0-bf7ff1317a4f	\N
6c84df08-bb2f-40ef-aff4-c125672dd654	2025-09-27	INGRESO	Venta #9453	15000	efectivo	2f4c1c0f-17fe-477c-bd3f-e88d15807699	\N
bfc4e897-511c-4d55-9437-4f207281c518	2025-09-27	INGRESO	Venta #4008	15000	efectivo	f56d9d47-36a3-47f0-b889-190a744ad7b2	\N
50d38283-5ac1-4dc2-9059-09eb3b0af2c7	2025-09-27	INGRESO	Venta #3474	15000	efectivo	a2aac2b1-c407-48d7-8073-fea7d0528b14	\N
14ff3dbf-8705-4eca-b33c-fb83e2d6a395	2025-09-29	INGRESO	Venta #8780	2000	efectivo	f65a580d-f2d9-47ad-807a-5350b844aa8e	\N
c85fde88-0e1f-4f4a-8951-e0033ad548cb	2025-09-29	INGRESO	Venta #9460	6000	efectivo	84a96e20-cade-4099-82fc-b3a81f59338e	\N
ea165bee-6956-4e5b-ba00-ee059ef17f90	2025-09-29	INGRESO	Venta #1902	20000	efectivo	\N	\N
eb7fa38b-ce51-4471-befc-d4ff26110b15	2025-09-29	INGRESO	Venta #9996	20000	efectivo	b95938f5-d891-4243-970c-124705c5637c	\N
25e202c9-ff4e-49e3-9af3-e14b6ff6a834	2025-09-29	EGRESO	Equipos: Bambas	500	efectivo	\N	504e4ab2-b7f1-432c-b7ef-713757fda634
36bb9833-442e-4bb7-8081-4f2e1d473fe2	2025-09-29	EGRESO	Ingredientes: Matcha	20000	efectivo	\N	7fd5cb22-1b5e-466c-84b3-2d32319faae0
2e1c427e-e66e-4bc8-b02b-edc22604e534	2025-09-29	EGRESO	Ingredientes: Aguacates	10000	efectivo	\N	eb1c9a77-8977-446a-b5dc-ee5e97ec2a4e
233d3168-6b9f-43bd-af09-44e3850bcf20	2025-09-29	INGRESO	Venta #8018	11000	efectivo	91704602-0a09-4ff5-bb99-501f9161bd3a	\N
d6c0cf26-3827-42dd-a218-d603aaa20440	2025-09-29	INGRESO	Venta #5311	38100	efectivo	90fc67d5-699d-4607-9000-76309dbb73e5	\N
f6480c1e-374b-4027-9212-21f06bb201c7	2025-09-29	INGRESO	Venta #9773	15000	efectivo	2171f7f9-f1fd-4b83-8b11-adb19cd7f7ee	\N
1300fb16-81c1-45bc-b02a-367c475f929a	2025-09-29	INGRESO	Venta #6902	15000	efectivo	4e87192e-804f-4ec5-8034-76886d92810d	\N
93d3e60f-8578-4b43-9f77-2fcdb8a75cce	2025-09-29	EGRESO	Ingredientes: Leche	68800	efectivo	\N	fc0f6907-c47e-4feb-ab70-c9cfd65aafa0
1a43fa64-9ebd-41b8-ac81-f36273ed730c	2025-09-29	INGRESO	Venta #9056	15000	efectivo	5a362269-ce7c-4822-b901-2902f577b450	\N
daa4db3d-5895-4dfc-b1a1-39d9d3c6cdc7	2025-09-29	INGRESO	Venta #1772	15000	efectivo	\N	\N
77ca4bf4-3b7c-4de9-a6d1-4a76f9be0241	2025-09-29	INGRESO	Venta #7193	40000	efectivo	\N	\N
b34dc7f8-f54b-4dda-9fb4-f68369a94e09	2025-09-29	INGRESO	Venta #3165	15000	efectivo	9dc0af81-1471-46c3-b1f8-a8d9e23c50fb	\N
52a818a3-ef76-403e-8875-0ac42015f865	2025-09-29	INGRESO	Venta #1316	49500	efectivo	1845e715-ec34-41ef-a919-292bab911d24	\N
ae085337-b493-4dd8-b4c3-430f3afe1753	2025-09-29	INGRESO	Venta #6492	15000	efectivo	7ffb487b-e602-4633-af0d-8cd14eac6dc2	\N
65504cf5-f0d8-4b35-a17f-b042cee25657	2025-09-29	INGRESO	Venta #4942	2500	efectivo	\N	\N
260ab340-458e-4c90-bd63-f7d54730c802	2025-09-29	INGRESO	Venta #2521	14500	efectivo	\N	\N
d259b589-babf-4f39-bc6d-4b8063995295	2025-09-29	INGRESO	Venta #3213	14500	efectivo	\N	\N
c9d6795f-a9cb-4a58-8552-82b2f42487a9	2025-09-29	INGRESO	Venta #6004	14500	efectivo	\N	\N
81c97ff0-2cc0-4bd3-ac7b-e6b428cd330a	2025-09-29	INGRESO	Venta #8436	14500	efectivo	\N	\N
fed54b7e-4121-4939-a663-257140534630	2025-09-29	INGRESO	Venta #6485	15000	efectivo	e5dc709c-ec25-496d-ab33-eb7eb086d85b	\N
31536262-9481-4d45-b847-c41354d7ebdb	2025-09-29	INGRESO	Venta #3224	15000	efectivo	b3772ec1-dee9-45cf-bb2d-6456a5a89ad6	\N
27ccb208-996f-4805-8086-14032b79791b	2025-09-29	EGRESO	Ingredientes: Quesillo	12000	efectivo	\N	80edfe2f-a564-4f29-9d35-acfeed6a8828
ae114680-7b54-444b-b220-4d83c09c1633	2025-09-29	EGRESO	Ingredientes: Romero	1000	efectivo	\N	9e4d2ab0-a3a0-4e79-be4a-0890c5860515
f5345841-6af0-4aa8-a3d6-0d99ef20fef8	2025-09-29	EGRESO	Ingredientes: panes	48000	efectivo	\N	9e861a48-3e9c-4ebe-8d26-a1410978c9ed
2f344bf7-47de-4b50-ac0a-d16534fbe876	2025-09-29	INGRESO	Venta #7915	17500	efectivo	02af5abc-6627-434c-aa51-1ee78142d007	\N
8f536cc0-b523-44d4-937b-35faeea2b680	2025-09-29	INGRESO	Venta #7724	12000	efectivo	a10f76e1-3f8a-48c1-ab93-fa1884274c5d	\N
777aa675-fcca-4808-baf8-5c416dc00f01	2025-09-29	INGRESO	Venta #5161	13000	efectivo	a20074fc-e85a-470e-a897-60900df5f9b5	\N
143b7614-a9cf-432e-a630-de059f7109da	2025-09-29	EGRESO	Ingredientes: yogurt griego 16 briyith	32000	efectivo	\N	3a3ec5fe-351c-42e6-9168-c5fb32622e7b
0aa9d533-ba38-4fd0-82ba-d18da27c0a22	2025-09-29	EGRESO	Salarios: Abono Belen 	54000	efectivo	\N	6dc3b77c-1977-4ef8-81b5-d51f8100bcb8
3265a56e-4692-4752-8987-57accd2ceb3c	2025-09-30	INGRESO	Venta #5642	4500	efectivo	d0d61f26-ed3c-41ad-8410-b96f1c8078a1	\N
c89522e0-2427-4f9f-80e5-756fbb628ffd	2025-09-29	EGRESO	Ingredientes: carnes Belen	116000	efectivo	\N	2086c40e-df64-4f6a-8726-9037280b8db1
09cf35b2-8b81-4e21-b45c-612eec694324	2025-09-30	INGRESO	Venta #8464	14000	efectivo	0c3a4f67-5c4a-4c38-a696-5d7f1ab777ec	\N
e563144a-5a53-4404-8ca6-57663c300529	2025-09-30	INGRESO	Venta #8461	59500	efectivo	7e2da855-7198-4cfc-b243-054659e9488e	\N
fb682c34-98f1-4083-86b0-92763eecfc05	2025-09-30	INGRESO	Venta #9152	14500	efectivo	\N	\N
5eb466e1-3778-4cd2-a5f6-fc16b3d69c5b	2025-09-30	INGRESO	Venta #1384	34000	efectivo	8298a070-12b7-426f-ac9f-45e2d6a57824	\N
431b4225-7e6f-4b6f-9da6-d1e72aa72f15	2025-09-30	INGRESO	Venta #2425	4500	efectivo	692231e5-77f7-4489-b3bd-10e0b43d6f24	\N
45c68600-4508-48e9-898a-da0cbe3173e4	2025-09-30	INGRESO	Venta #7220	10500	efectivo	852b5297-d297-4510-b255-96c2a8c9563e	\N
5009d731-5fcb-4606-911e-e8608ba30687	2025-09-30	INGRESO	Venta #2670	29000	efectivo	ebc4a867-f3b4-4117-9936-6900208864f1	\N
de9c1b36-30d1-445c-8abf-7689e7f57482	2025-09-30	INGRESO	Venta #8848	14000	efectivo	31a755e6-2467-4ba8-9a97-ae50ede85ddc	\N
3f5c0703-4b4d-4f35-aab8-f67858bc0680	2025-09-30	INGRESO	Venta #7135	11000	efectivo	5c1ec0c3-6782-4a78-afcc-a15a6312ee44	\N
b89739d3-51e4-4d13-bfbb-e60286d3c4a2	2025-09-30	EGRESO	Equipos: Esponjas	12900	efectivo	\N	716e8392-3cbe-41c3-9865-5d9cdedd343d
bfa11b03-4721-430c-88af-17973c6cbd7b	2025-09-30	EGRESO	Equipos: Sarten Inducción	199000	nequi	\N	1fbfb477-6fe1-4c17-8b71-2f49447e7b4c
15bd5706-3a81-44e9-8855-84c78beb1d3a	2025-09-30	EGRESO	Ingredientes: Datiles	7900	efectivo	\N	5818a5a7-342d-4a96-8a75-39290bf470a8
5941a837-33a3-414d-a352-e13fd558ff91	2025-09-30	EGRESO	Ingredientes: Pasta	7300	efectivo	\N	7a0bb736-8281-4f06-97b1-499c512e3e00
06d49857-e327-483a-b4c4-2c871238ccc0	2025-09-30	INGRESO	Venta #1141	30000	efectivo	6a18e10b-a5d3-43ac-abe1-b29c3a372048	\N
898df5bc-262d-424d-ae48-742e61d1874b	2025-09-30	INGRESO	Venta #5903	16650	efectivo	902fac33-16c9-4c02-b4ea-9f118bef5218	\N
a2b34223-b374-46f4-abf2-b366b6d20ff8	2025-09-30	INGRESO	Venta #6418	30000	efectivo	26dd1b4e-bd4c-4d68-aaef-632cc1f0556f	\N
a196f770-02f2-4288-8757-c5823bbd1aab	2025-09-30	INGRESO	Venta #1481	41750	efectivo	26b18556-6b80-44d4-8a96-45b816d41f6e	\N
7bc108de-5b75-4793-80c1-c65a66128632	2025-09-30	INGRESO	Venta #3947	15000	efectivo	2cad9473-8a42-4a5b-bbd1-7925a84d2700	\N
9e1b3f37-1e6b-462a-9ad4-9d80d29ae20e	2025-09-30	INGRESO	Venta #6123	10500	efectivo	54121bcd-7e68-4f0f-985c-caa1849182ba	\N
046c2983-988c-4cb0-98ae-3e1973cda5c3	2025-09-30	INGRESO	Venta #3862	29500	efectivo	\N	\N
4ee8efcd-8ecd-4be0-a0eb-28f5f1df668d	2025-09-30	INGRESO	Venta #4442	33500	efectivo	d9448d14-a177-48ff-b059-93c9c592771a	\N
30b7177e-e540-4ca9-bf27-90b9e5a37019	2025-09-30	EGRESO	Ingredientes: Sandia	8000	efectivo	\N	f341aa20-376a-4963-9e33-cf47e2aad3e0
b7e781c6-9098-45af-8b5a-1afb079ca362	2025-09-30	EGRESO	Ingredientes: Pepinos	6000	efectivo	\N	5aa509dc-1567-41d3-98db-12b945af5ad4
fde26b39-8316-4685-a849-2de6ecf87690	2025-09-30	EGRESO	Ingredientes: Zanahorias	2000	efectivo	\N	ffd93d66-b0ef-412d-8bb0-c8aed04330ea
890d84c4-e380-4aed-b253-a17c8c8c29c7	2025-09-30	EGRESO	Ingredientes: Bananos	3000	efectivo	\N	c75a6402-2f13-4228-95d5-6d5b9f0a21bd
91f1e167-879c-4a84-9b50-e4fb0ef66082	2025-09-30	INGRESO	Venta #2715	11000	efectivo	4ce55b09-9571-4580-9c81-f5118309c47e	\N
3fb57d1f-9259-4ad0-bb85-73db9591ca72	2025-09-30	INGRESO	Venta #6616	15000	efectivo	95609c92-8fde-4ef6-ab9c-67d4e6022ae0	\N
cf04ba32-b30a-4ef4-a652-eb0a4c4f16ea	2025-09-30	INGRESO	Venta #1276	13000	efectivo	e42515f8-2c16-436e-ad0c-2ca8d5c253c9	\N
3543bd0d-54ee-4d2f-ab5c-41bb2b6c6efd	2025-09-30	INGRESO	Venta #3234	6000	efectivo	5a844205-06a3-4285-bad7-7cb53dbc0bfe	\N
1e0a1f5d-10a7-431e-ae16-e0dd672f99fd	2025-09-30	INGRESO	Venta #2201	32000	efectivo	11bee7cd-e6bd-4566-9dbb-66bcd20d4229	\N
42eb5574-700e-4659-b22a-8654307837f1	2025-09-30	INGRESO	Venta #3705	46000	efectivo	8a3b24ca-a91a-44e4-ad94-b32a1eaa5be2	\N
3be4df61-c0e9-4d6b-b091-56752d26ba6d	2025-09-30	INGRESO	Venta #3510	16650	efectivo	7413bd53-ad97-4fd6-a381-6df3834ed854	\N
a0c7d59d-519e-48b1-a725-322ecbf42d23	2025-09-30	EGRESO	Transporte: domicilio carne	5000	efectivo	\N	6db8a875-8b34-4c08-b3a1-df3acb049c1b
1298a201-85d7-485a-809e-1515f68ae561	2025-09-30	INGRESO	Venta #7464	23500	efectivo	e2ac12eb-dbf8-428d-86cb-25623fd85c93	\N
4ed69fb7-308e-4452-abfe-8b6767d8c5c1	2025-09-30	INGRESO	Venta #1420	8000	efectivo	56a6dc5d-a5da-44f9-90c3-09d2362176cc	\N
8dfd2edf-ffa6-465d-bcc0-1afd608dc4d0	2025-09-30	INGRESO	Venta #9164	15000	efectivo	\N	\N
64aa0cd2-dd05-4f59-a4e5-477b203364a5	2025-09-30	INGRESO	Venta #3096	8000	efectivo	a363c763-8698-4cf9-a397-31019c16c1ba	\N
d7d5eeb6-6c81-4d80-9a5a-82047e67f450	2025-09-30	EGRESO	Ingredientes: aguacates	5000	efectivo	\N	c2166ac5-28ef-4823-98e4-6fb3387e1fb6
e9ecc8e7-d717-4e6a-9590-99b9385731e9	2025-09-30	INGRESO	Venta #1086	56000	efectivo	df35a376-51e5-47d9-aadf-f2ffa9a8ddb5	\N
f1752bd8-92ab-4d27-870e-0fba719a5f22	2025-09-30	EGRESO	Ingredientes: huevos	10000	efectivo	\N	0af4f833-ddf0-454b-a7c3-740789e97475
e00e8e35-a7ce-4d3f-80fc-cf2cc421f80f	2025-09-30	EGRESO	Ingredientes: 378000	0	nequi	\N	f7b7bdc4-4a31-40ec-aea4-286ba870a6e4
9cda65e2-cd7b-417d-af93-1789b0e3a340	2025-09-30	INGRESO	Venta #3609	34000	efectivo	d08b9e44-3645-4e0c-8b59-d34ac3b9966b	\N
67c69d78-4ac5-4ac9-97e9-d0c922468b38	2025-09-30	INGRESO	Venta #1376	29000	efectivo	e681a677-61ba-45a3-8955-db19f49533e9	\N
f0d2b1a3-ee24-48b5-9d9c-ffa5ff4f854f	2025-09-30	INGRESO	Venta #6115	15000	efectivo	4c8b954f-c40d-4e04-af52-af6e2c3b5e4f	\N
c7c26214-44af-4f8b-bc3d-e7a98d639dbb	2025-09-30	EGRESO	Ingredientes: huevos	10000	efectivo	\N	\N
2c108877-76a8-4a6f-9834-a499b19d1475	2025-09-30	EGRESO	Salarios: phi	20000	efectivo	\N	\N
0fa9dd50-e68c-4553-a864-525a410250d6	2025-10-01	INGRESO	Venta #1182	43000	efectivo	194abf03-548f-479b-a7cc-3b935d0e39c6	\N
81c7fdcf-27b2-4593-979c-c572cffe2784	2025-10-01	INGRESO	Venta #7657	62000	efectivo	7471c3f7-6b99-4d86-b242-ffa9b6471e04	\N
77061871-bb33-4c2e-8bd8-c9faef441968	2025-10-01	INGRESO	Venta #1267	30000	efectivo	b48cac54-831c-4c03-af93-ba8e2e4a4196	\N
49807a1d-bdc6-4767-8466-765741a6f2a0	2025-10-01	INGRESO	Venta #2480	38000	efectivo	4e05d997-957b-4228-bf4f-dd52586599c7	\N
17b7d735-c0be-4625-bbb0-44b878ea91bb	2025-10-01	INGRESO	Venta #8678	46650	efectivo	6023ff83-959d-449c-9fe6-4216a8c71ba6	\N
0b66d600-c301-4b64-a998-7618857baf47	2025-09-30	EGRESO	Salarios: Abono Belen	54000	efectivo	\N	2d57e4c5-b763-4123-a449-bd156f7c98bd
6dfcbf7e-2a8b-4c99-812f-8065f9e808bf	2025-10-01	INGRESO	Venta #2140	31000	efectivo	ef588b19-e91f-46f4-bed2-907115ea5481	\N
1fb1f88f-a458-4dc8-bbd1-f45bd70c2d75	2025-10-01	EGRESO	Ingredientes: chips	20900	efectivo	\N	9bf47e53-bf52-4fcf-942a-0d7de8f02b24
db3edcfd-040a-4f4a-b677-ddf5d67f7dee	2025-10-01	EGRESO	Ingredientes: fruver	64300	efectivo	\N	77439bad-e108-4cba-901c-8cc99015f5be
199737b8-f8b5-4ecd-8f1b-b89f1cd36e0d	2025-10-01	INGRESO	Venta #1443	45000	efectivo	293431ff-23ff-4392-8745-f4cd2897e691	\N
f69b889f-62e7-4be8-b4da-86107a19f612	2025-10-01	INGRESO	Venta #3243	30000	efectivo	\N	\N
9c9e4023-e32c-4679-82f6-9ba76286c790	2025-10-01	INGRESO	Venta #5508	30000	efectivo	27243e81-0567-4e2d-9860-56020bc3701e	\N
f047f1d5-bdca-43d8-95aa-480d882abd48	2025-10-01	INGRESO	Venta #6264	24000	efectivo	c87a1b8b-77fa-4559-b07e-bf70bd6a1f48	\N
1256f6cf-025f-4edd-920d-5779f1405654	2025-10-01	INGRESO	Venta #9645	29000	efectivo	878a38aa-f19a-4cae-adfa-4e584f331fc3	\N
477f8c40-34a7-4465-ae74-ee8d65db55bf	2025-10-01	INGRESO	Venta #6728	15000	efectivo	caca36b8-a1a5-4231-89c1-e505ebce8327	\N
9b06dafc-a5c6-4a06-a136-c266f45b5a22	2025-10-01	INGRESO	Venta #5284	18500	efectivo	\N	\N
a3cc72ce-da74-4bd9-a0ba-b0d46662adc0	2025-10-01	INGRESO	Venta #6822	16650	efectivo	17dbc7e0-6098-47bb-b838-d3dccf3eef5d	\N
5639bc25-8681-44df-887c-9f2dcfe994b6	2025-10-01	INGRESO	Venta #1340	15000	efectivo	6d28089b-4b53-40d6-b8fb-d7953e75dc1c	\N
622b1026-4ddd-4151-baf9-7e6b84ebac6a	2025-10-01	INGRESO	Venta #9693	15000	efectivo	84e3780a-1408-414f-a3f9-8b697212dee8	\N
dc8d2238-480f-483b-bb47-cd6d2ae9ad8f	2025-10-01	INGRESO	Venta #1961	15000	efectivo	8c0a6d5d-a44f-4e77-a58f-1ed3aa46e2f8	\N
555f0789-04a4-4e08-86ab-2c9a32f37dcd	2025-10-01	INGRESO	Venta #6979	32500	efectivo	a9c4d9c3-9fd0-4a5d-a596-49391c8b6e97	\N
094a5967-c78c-4876-844c-ea869eec77be	2025-10-01	EGRESO	Ingredientes: Maní Tostado	9000	efectivo	\N	f80e51e4-db19-4b14-9ac3-d964298ca5d5
26af13bd-4b02-4196-a849-2d552403b303	2025-10-01	EGRESO	Ingredientes: Tomates	9000	efectivo	\N	aafbca94-1dc3-43af-afb9-8835f459cbdb
9abac0a8-fd96-4609-acf6-8e3024e86d29	2025-10-01	INGRESO	Venta #9716	41500	efectivo	1e7903f4-5f1f-4014-900b-2aaf89e3335c	\N
7721a98b-7d90-41b4-a8a9-4803434d7722	2025-10-01	INGRESO	Venta #2783	15000	efectivo	372c271f-a9f8-475c-a435-9ad38cfe8452	\N
5bbbdebe-27d9-4093-9745-effe6d38f9da	2025-10-01	EGRESO	Ingredientes: Tocineta	56000	efectivo	\N	da675df9-c588-4b94-baae-afd97199cb32
1c95e2b1-bb29-4b0c-a6d7-63eb4f3c00e5	2025-10-01	INGRESO	Venta #8519	19000	efectivo	74881c76-1128-42b6-b4b3-bef2d0b373fc	\N
dae0f4f4-cfc0-4b98-9b9e-d46e5560bc88	2025-10-01	EGRESO	Ingredientes: Jamon de Cerdo	37000	efectivo	\N	d1663903-a062-46d6-bea5-1eb23b8e9238
32d9a109-c855-4cc0-8017-ec966f2d5bbc	2025-10-01	EGRESO	Ingredientes: Mayonesa Verde	30800	efectivo	\N	e3e1a1d9-46be-422f-bf81-10e61f164647
e749ec7d-6723-458c-b2c5-3052d5d40496	2025-10-01	INGRESO	Venta #2521	19000	efectivo	790f8f62-0524-48f1-8b39-4b75ad9b4dc4	\N
e6ca49b7-8d81-4609-8bf5-b71cd613fc0b	2025-10-01	INGRESO	Venta #8304	21000	efectivo	84fd6b62-e81a-42c9-aba6-c7e4b7c346b9	\N
17613db1-ad85-4283-b20e-b7d459dd4534	2025-10-01	INGRESO	Venta #3162	15000	efectivo	d93b26a7-a9a7-4d32-a8b3-2f10348eed3b	\N
b45994bf-8702-4079-8ce6-ba8e647d5e0a	2025-10-01	INGRESO	Venta #9067	11000	efectivo	2b544ab7-4578-49c2-b9a1-e30b7cc74e9c	\N
fe264cde-c1e3-42b7-bb2a-807ccaa76f7b	2025-10-01	INGRESO	Venta #2701	19000	efectivo	8375d937-7e14-4b3c-b288-b8662564ecd9	\N
4e13a487-1595-41e5-b0f5-1f97d6321467	2025-10-01	INGRESO	Venta #1992	19000	efectivo	8841efbe-6ac4-432a-8942-eee5a39a9707	\N
a0b5e696-8a7d-4e13-8cb2-f823f4199fa4	2025-10-01	INGRESO	Venta #7647	30000	efectivo	def5fbaa-aaa3-4dfb-bb85-fbf226d33742	\N
bcbf925c-e0ea-422d-a910-39c5acebe547	2025-10-01	EGRESO	Mantenimiento: pilas	6000	efectivo	\N	20ddcf87-f0b9-4656-8ac7-42b986dfb076
56b74ecb-44eb-4ff3-a95f-0f155a187a22	2025-10-01	INGRESO	Venta #8109	23500	efectivo	8ce8bca1-ae93-4cc9-bf25-ee50375c879a	\N
820bf627-1566-45dc-9839-a7b334c7406a	2025-10-02	INGRESO	Venta #9932	21000	efectivo	cc9565d7-9aea-4646-adaf-57f47d028f27	\N
c9d70993-e1c6-4a5d-9d71-15b66742140c	2025-10-01	INGRESO	Venta #5469	33000	efectivo	\N	\N
451f2d1b-1ebd-4779-ad86-4e82576cabe0	2025-10-02	INGRESO	Venta #8611	31150	efectivo	5e6d7fc1-4fed-4b27-b375-448b3f377b94	\N
bfcf34af-1b2d-4d66-8430-39ec4895ced7	2025-10-02	INGRESO	Venta #4535	42500	efectivo	4b370a21-06c8-4866-a723-c5d3e26f984f	\N
45a961e6-e2b0-459a-9d05-30bbfe167159	2025-10-02	EGRESO	Equipos: Notas	4000	efectivo	\N	16c2594f-ad1f-4149-8661-16e320da6c6d
615f5e04-a4ee-481d-9150-8d4a5237ef3e	2025-10-02	INGRESO	Venta #4446	14500	efectivo	9c6f9d35-e162-424e-9ad4-f7f82a85091c	\N
d58c8e5c-c6bd-42f8-8d7a-0e62c94021e6	2025-10-02	INGRESO	Venta #8507	14500	efectivo	eee81f51-c7e3-449d-94d9-f1a8eac8d7c5	\N
92a09558-539a-426a-805c-1cf626ffe5b9	2025-10-02	INGRESO	Venta #1314	4500	efectivo	53f3db87-88a3-46f1-86eb-ce772d633522	\N
66dd36af-dfd4-4c78-9b4d-9a78de5869b2	2025-10-02	INGRESO	Venta #7604	8500	efectivo	b768eee7-05f8-4d6b-8354-2467dce62a33	\N
bff40b66-4237-4c18-9702-b1282ee43baf	2025-10-02	INGRESO	Venta #1855	31500	efectivo	3947d778-450a-46ba-ab24-e479d68f153a	\N
e560ed6f-7c93-4aaa-9b85-3391659e6dc6	2025-10-02	INGRESO	Venta #2542	20500	efectivo	2526a849-2df8-45f4-8759-fcc9fccc5879	\N
4ca25961-2549-484e-8372-3361dc69e347	2025-10-02	INGRESO	Venta #6287	45300	efectivo	27205744-eba1-47ca-8ccf-53bbece06870	\N
b8124559-9a91-48a9-b8ff-dcd413ef8a20	2025-10-02	INGRESO	Venta #7341	8000	efectivo	80af7c80-e1a5-41d6-854f-89c30d7370b0	\N
8b2d99af-3cf9-4ae7-b3cd-e8d8de779856	2025-10-02	INGRESO	Venta #4598	16000	efectivo	effe1e6c-0162-44da-8c7f-3ee141684312	\N
5848ad18-9adf-4598-b00a-2866ad9f3ded	2025-10-02	INGRESO	Venta #1065	30000	efectivo	9279c262-1011-4f28-833b-f2d622f84b96	\N
c4477ce1-1e6c-4c5a-b086-5b1cbddd61a1	2025-10-02	INGRESO	Venta #8118	30000	efectivo	aa2ab64d-4ae1-43f0-9fd2-6c2fe9b7b81e	\N
298d3b0d-1da8-4968-8ee3-ad5deaec248f	2025-10-02	INGRESO	Venta #5936	16000	efectivo	885f25fe-e467-448a-aee5-6c431457131d	\N
b3c843f4-c611-4673-a714-e645afe63e7a	2025-10-02	INGRESO	Venta #7236	16650	efectivo	26fd1d3c-b792-4152-861b-0d28e7b03eff	\N
96ac0bea-2d9c-431f-b586-3c8bbb56500b	2025-10-02	INGRESO	Venta #8517	14500	efectivo	\N	\N
c1963e03-48ad-448f-a0e8-89fb37e61205	2025-10-02	EGRESO	Mantenimiento: Guantes	2000	efectivo	\N	dca5abe2-f0f4-407e-b1dc-29a75c3906f5
afbb98e8-b4d6-4c80-ad80-4445a9dc2adf	2025-10-02	INGRESO	Venta #9222	2500	efectivo	\N	\N
8b612907-8812-4bf6-a458-15bd88cfb205	2025-10-02	EGRESO	Ingredientes: Frutas	28000	efectivo	\N	3ff1d902-c8fb-48e0-8900-eb17ade04bc5
7c11db2e-7bf6-47b5-8989-e7a271e819f5	2025-10-02	INGRESO	Venta #2360	14500	efectivo	\N	\N
b8e3f9de-3d1b-4328-9c44-8e0f82b2d7af	2025-10-02	INGRESO	Venta #2338	2500	efectivo	\N	\N
8fdeda55-31f5-4e90-af70-f0bdeadfcdcb	2025-10-02	INGRESO	Venta #9897	14500	efectivo	\N	\N
4884b052-c8aa-4d14-809a-3d12546bc5cd	2025-10-02	INGRESO	Venta #6578	32500	efectivo	2ab7a9ff-7cec-4359-9d88-9b0c1ac4b889	\N
c0a24c00-5f47-46c7-8d16-bef20b6a8311	2025-10-02	INGRESO	Venta #2042	14500	efectivo	\N	\N
3606b582-8483-448a-8488-79458139ca3d	2025-10-02	INGRESO	Venta #7257	15000	efectivo	229c6e19-de1a-4e2b-bb27-68f040a4ced7	\N
d651db02-a168-46ed-9f27-799876fc7e5d	2025-10-02	INGRESO	Venta #4468	18500	efectivo	74ca0fac-19e0-413c-9652-128576a71930	\N
93ad3e2f-92e7-4090-bc15-55caeae957ca	2025-10-02	EGRESO	Ingredientes: Rugula	6000	efectivo	\N	71a48242-5150-4f42-9b01-4083e2c67225
63ab0bae-908b-41c5-b6a5-a4bd92e37088	2025-10-02	EGRESO	Equipos: Bolsas Libra	4400	efectivo	\N	4778d1bc-266c-4e05-80ca-bbe61313591c
d67f97b1-b9f9-4d0f-9e07-ce2e9b241dc6	2025-10-02	INGRESO	Venta #3836	12000	efectivo	7639b042-a383-4fe1-9bec-ca43644f6964	\N
9e50f39b-a014-4076-b07e-53bf5cfb7adf	2025-10-02	INGRESO	Venta #8675	46000	efectivo	469710ef-38d1-42f7-9394-67c6d1c8cc54	\N
316ab27f-8c8f-4bc2-8057-479b1d95ada4	2025-10-02	INGRESO	Venta #4180	14500	efectivo	\N	\N
6488636e-764b-43f4-a577-2f25dada1c7b	2025-10-02	INGRESO	Venta #3752	21000	efectivo	725c724a-163f-45a2-afb3-83f4ae55f354	\N
0c390de8-1046-4d42-8038-3cb61a3a2443	2025-10-02	INGRESO	Venta #5579	11000	efectivo	be065d1f-309c-4856-8144-d869edcf2e28	\N
9d2d8315-b966-42f0-b6fb-8e284e9a20a0	2025-10-02	INGRESO	Venta #4484	16000	efectivo	b34d281c-e033-4f8d-817b-5b785e334483	\N
b8fefbd4-cb99-4510-8a06-4d91f1a5952f	2025-10-02	INGRESO	Venta #4672	14500	efectivo	\N	\N
8e54a78d-2d49-49c4-bcbe-d99e4439375a	2025-10-02	INGRESO	Venta #2948	16500	efectivo	880329d3-dbc3-4da2-99a1-727a8ab0ec81	\N
ecf3d5fb-f17b-4eb1-8a17-fa0780e957aa	2025-10-02	INGRESO	Venta #2651	14500	efectivo	\N	\N
116a0694-65a5-46aa-865b-bd9ec37eadc4	2025-10-02	INGRESO	Venta #5780	14500	efectivo	\N	\N
1f7fe672-d23f-4a28-89ea-22f435df332a	2025-10-02	INGRESO	Venta #6554	14500	efectivo	\N	\N
44c58133-0d51-4ca1-876a-4db9543b4abf	2025-10-02	INGRESO	Venta #5298	14500	efectivo	\N	\N
adaa4068-bb0e-4d03-b021-b2c4a4100788	2025-10-02	INGRESO	Venta #9085	14500	efectivo	\N	\N
534b19de-8a91-4daf-9e82-232ba45d778f	2025-10-02	INGRESO	Venta #3193	14500	efectivo	\N	\N
ce805918-5284-4a11-b5d9-34065a548588	2025-10-02	INGRESO	Venta #4146	14500	efectivo	\N	\N
78d7b1f6-e6be-4b8a-bde3-901f58f650cd	2025-10-02	INGRESO	Venta #1816	14500	efectivo	\N	\N
d4d144df-97d8-4064-9d46-17b30bb4f172	2025-10-02	INGRESO	Venta #6951	14500	efectivo	\N	\N
2b9b1199-3cba-4eb9-9f74-1f09cedbf4a6	2025-10-02	INGRESO	Venta #2062	14500	efectivo	\N	\N
c7f63027-8c6e-40c9-8c38-b29a3fa77601	2025-10-02	INGRESO	Venta #5789	10000	efectivo	ab4edcbd-8ea8-4aa5-a3de-7c2f6271e83c	\N
4159d571-8e72-46a1-b7d0-b5d4904aece6	2025-10-02	INGRESO	Venta #1078	14500	efectivo	\N	\N
e231c834-2bdc-4d1d-8175-4aee6ec4fb49	2025-10-03	INGRESO	Venta #4819	14500	efectivo	\N	\N
6df706b4-0cf9-4afb-9b56-e4314b884124	2025-10-02	INGRESO	Venta #5389	14500	efectivo	\N	\N
195c2a05-e0b1-4f63-a2fc-79d46e3ba8be	2025-10-03	INGRESO	Venta #4578	14500	efectivo	6c9ad3e1-a7f2-4517-bc32-d1cacaa7a749	\N
a59f13d5-6334-4b7d-8e10-64919a371d59	2025-10-03	INGRESO	Venta #6831	40500	efectivo	1d11dfbc-0ca8-4ffa-9101-4716e9891ce6	\N
34f5348c-03f6-4883-9ae5-30acd7bbba30	2025-10-03	INGRESO	Venta #3416	20000	efectivo	19974827-30ec-485c-955b-a6cf9d26bd06	\N
252abbbd-5db4-48ca-b901-2e6db4767dc7	2025-10-03	INGRESO	Venta #1189	19500	efectivo	299b4299-7d59-4277-aa73-0fc42e0f5586	\N
e08926b7-d74a-4a8c-8fa4-1547744cf6ce	2025-10-03	INGRESO	Venta #3727	14000	efectivo	3043bd93-98af-49a4-b479-a5c2b3d0ff4a	\N
3eab9194-5cd6-4e42-95e8-8860dc0a4682	2025-10-03	INGRESO	Venta #7625	13000	efectivo	9985e3dd-56b0-4337-b483-7ba98ae3b193	\N
\.


--
-- Data for Name: empleados; Type: TABLE DATA; Schema: public; Owner: postgres
--

COPY "public"."empleados" ("id", "nombre", "telefono", "email", "horas_dia", "dias_semana", "salario_hora", "activo", "created_at", "updated_at") FROM stdin;
d09a0a4d-18f4-424f-a6a8-c101f1781158	Maria Belen			8	5	6500	t	2025-09-22 17:45:41.732825+00	2025-09-22 17:53:55.924492+00
888efeea-7b4d-493a-bcad-46a0ddedcddc	Miguel			8	4	6500	t	2025-09-22 00:31:21.349065+00	2025-09-22 17:55:40.418097+00
\.


--
-- Data for Name: menu_items; Type: TABLE DATA; Schema: public; Owner: postgres
--

COPY "public"."menu_items" ("id", "codigo", "nombre", "precio", "descripcion", "keywords", "categoria", "stock", "inventariocategoria", "inventariotipo", "unidadmedida") FROM stdin;
b68386e8-b73e-422b-a5b6-47d622faac19	sand-pollo-green	Pollo Green	16500	Mayonesa de rostizados y verde, jamón de pollo, guacamole, tomate horneado, semillas de girasol, lechuga, tocineta.	pollo green, jamón de pollo, rúgula, champiñones, parmesano, guacamole, salsa verde, salsa rostizada, lechuga, tomate horneado, semillas	Sandwiches	0	No inventariables	unidad	unidad
b3595ec8-1cb5-4a44-9dc4-c25a65b47b0e	sand-pollo-toscano	Pollo Toscano	18500	Salsa verde, jamón de pollo, lechuga, rúgula, champiñones, tomates horneados, parmesano, queso doble crema, tocineta, miel de uvilla.	pollo toscano, jamón de pollo, lechuga, rúgula, champiñones, tomate horneado, queso tajado, queso parmesano, tocineta	Sandwiches	0	No inventariables	unidad	unidad
60c3451b-db1a-45f4-8480-585e01fe2242	sand-mexicano	Mexicano	19000	Frijol refrito, pollo desmechado, pico de gallo, queso crema tajado, guacamole, sour cream, salsa brava.	mexicano, pollo desmechado, guacamole, pico de gallo, frijol refrito, salsa brava, sour cream, queso tajado	Sandwiches	0	No inventariables	unidad	unidad
114e2c84-cf03-47a9-abae-b3edd6911ded	bowl-salado	Bowl Salado	15000	Personaliza tu bowl con 2 bases, 4 toppings y 1 proteína. Incluye bebida.	bowl salado, arroz, pasta, quinua, pollo, cerdo, carne, toppings	Bowls Salados	0	No inventariables	unidad	unidad
a551c5fe-bf6e-4d9d-a396-22d2147c309d	bowl-acai-supremo	Açaí Supremo	14500	Base de açaí, fresa, banano, yogurt y toppings variados.	açaí supremo, fresa, banano, yogurt, kiwi, coco, arándanos, semillas, crema de maní	Bowls Frutales	0	No inventariables	unidad	unidad
ed348c8c-f11a-401a-8865-5ede23240268	bowl-tropical	Tropical	12000	Mango, piña, banano, yogurt natural y toppings.	tropical, mango, piña, banano, yogurt, granola, coco, semillas	Bowls Frutales	0	No inventariables	unidad	unidad
9570e5a7-af90-4277-91a0-dd6a3de80bd7	bowl-vital	Vital	12000	Mango, banano, piña, espinaca, yogurt, leche y toppings.	vital, mango, banano, piña, espinaca, yogurt, granola, chía, coco	Bowls Frutales	0	No inventariables	unidad	unidad
fa107d92-d59b-4686-b51f-7df33766c361	beb-capuccino	Capuccino	6000	\N	capuccino	Bebidas Calientes	0	No inventariables	unidad	taza
3bb93296-c6c5-456a-b165-73c1a20a3134	beb-latte	Latte	5500	\N	latte	Bebidas Calientes	0	No inventariables	unidad	taza
84ce9a61-d186-47cb-92b4-afa4d5847dab	beb-americano	Americano	5500	\N	americano	Bebidas Calientes	0	No inventariables	unidad	taza
522d937d-7d2d-4c3a-b785-f692a09b8a37	beb-cocoa	Cocoa	6000	\N	cocoa	Bebidas Calientes	0	No inventariables	unidad	taza
996be55c-5666-42fd-bb8b-4ef44cd82194	beb-pitaya-latte	Pitaya Latte	8500	\N	pitaya latte	Bebidas Calientes	0	No inventariables	unidad	taza
fe196a9f-e68f-4df6-ab98-5a2c58ad9b16	beb-infusion-frutos	Infusión de frutos rojos	6000	\N	infusión frutos rojos	Bebidas Calientes	0	No inventariables	unidad	taza
36d50cac-2255-4963-b89a-6d7e29450faf	acomp-torta-dia	Torta del día	8000	\N	torta, zanahoria, arándanos, naranja, coco, yogurt griego	Acompañamientos	0	No inventariables	unidad	unidad
d91e4dd0-47a5-46fc-bf29-35b764305016	acomp-galleta-avena	Galletas de avena	4000	\N	galletas avena	Acompañamientos	0	No inventariables	unidad	unidad
7f82e02d-0f16-4a9d-9681-5dd06edbdc0f	acomp-muffin-queso	Muffin de queso	4500	\N	muffin queso	Acompañamientos	0	No inventariables	unidad	unidad
28edafa3-ac74-41f0-ae95-a4ea8efc5f33	acomp-tapitas	Tapitas	10000	Pan con queso feta, tomate al horno y albahaca.	tapitas, pan, queso feta, tomate al horno, albahaca	Acompañamientos	0	No inventariables	unidad	unidad
7d3fef49-18f7-4513-862c-26e3fcf98c64	inv-mango	Mango	0	\N	mango fruta fresca	Frutas	5000	Inventariables	peso	g
0d145a50-a0e9-4b6e-a72c-ae6f62869358	inv-pina	Piña	0	\N	piña fruta fresca	Frutas	3000	Inventariables	peso	g
0b7f6082-d353-4b88-88f6-f9c38cf8a236	inv-banano	Banano	0	\N	banano fruta fresca	Frutas	2000	Inventariables	peso	g
3e64c708-2249-42ab-b25d-1961379a35b3	inv-fresa	Fresa	0	\N	fresa fruta fresca	Frutas	1500	Inventariables	peso	g
9f9f516f-6122-4ac7-b3d9-2031114a3743	inv-kiwi	Kiwi	0	\N	kiwi fruta fresca	Frutas	800	Inventariables	peso	g
c8d3d813-2118-4791-a0e5-69b951cfb7f1	inv-sandia	Sandía	0	\N	sandía fruta fresca	Frutas	4000	Inventariables	peso	g
563a5528-8afd-4131-aae9-97bf22abf715	inv-arandanos	Arándanos	0	\N	arándanos fruta fresca	Frutas	500	Inventariables	peso	g
2311e08c-dde0-4cd2-b9f7-1ba355a8e7f1	inv-pitaya	Pitaya	0	\N	pitaya fruta fresca	Frutas	400	Inventariables	peso	g
65772588-ca95-4f79-9ed8-416773cc698b	inv-yogurt	Yogurt natural	0	\N	yogurt natural	Lácteos	2000	Inventariables	peso	g
9e53b412-3e52-460d-b1be-430fc49b42d2	inv-leche	Leche	0	\N	leche líquida	Lácteos	3000	Inventariables	volumen	ml
f441d7b6-e5c8-4ef3-93be-85e0d2b21617	inv-queso-feta	Queso feta	0	\N	queso feta	Lácteos	500	Inventariables	peso	g
f16c3e67-8372-411d-a0ab-98454d87dc35	inv-queso-crema	Queso doble crema	0	\N	queso crema	Lácteos	800	Inventariables	peso	g
12afc8b0-179c-4836-bb9b-f240eede2c54	inv-jamon-cerdo	Jamón de cerdo	0	\N	jamón cerdo	Proteínas	1000	Inventariables	peso	g
1ad652c5-a285-47f7-84b6-dd4f47d0c26a	inv-jamon-pollo	Jamón de pollo	0	\N	jamón pollo	Proteínas	1200	Inventariables	peso	g
07914160-255d-4643-82dd-16371cc17a89	inv-pollo-desmechado	Pollo desmechado	0	\N	pollo desmechado	Proteínas	800	Inventariables	peso	g
f0dfa128-82ba-4fe5-8a08-e008775f713e	inv-tocineta	Tocineta	0	\N	tocineta	Proteínas	400	Inventariables	peso	g
66254042-951c-4d33-85ae-7edb5a2cc4cb	inv-rugula	Rúgula	0	\N	rúgula	Vegetales	300	Inventariables	peso	g
8ac5c2ab-fa3c-4001-bb5a-dd5436f88d0b	inv-lechuga	Lechuga	0	\N	lechuga	Vegetales	500	Inventariables	peso	g
7c59e7d8-e7dc-4dc5-9bf4-c0e1e879b99d	inv-champinones	Champiñones	0	\N	champiñones	Vegetales	600	Inventariables	peso	g
5b128ddb-0463-4551-8409-68a5b26c32bb	inv-tomate	Tomate	0	\N	tomate	Vegetales	1000	Inventariables	peso	g
a55d032b-19ab-4f37-b67e-7b52b0dc757d	inv-espinaca	Espinaca	0	\N	espinaca	Vegetales	400	Inventariables	peso	g
8110892f-aa78-40a1-9920-b487b37bdcfa	inv-apio	Apio	0	\N	apio	Vegetales	300	Inventariables	peso	g
56362b50-3801-4686-aed2-a483b9960532	inv-pepino	Pepino	0	\N	pepino	Vegetales	800	Inventariables	peso	g
3439660a-0c97-4849-82e3-13d222bbf131	inv-chia	Semillas de chía	0	\N	chía	Semillas	200	Inventariables	peso	g
d25e85bb-2f7c-4162-8217-a7f063bcdd50	inv-granola	Granola	0	\N	granola	Semillas	500	Inventariables	peso	g
0aa7128a-f7bb-49b6-8076-5353da9d8b36	inv-avena	Avena	0	\N	avena	Semillas	1000	Inventariables	peso	g
3ed1dde6-64f6-4ee5-9463-8e7ffe4e38e5	inv-acai	Açaí	0	\N	açaí fruta fresca	Frutas	300	Inventariables	cantidad	\N
a46047fe-38ef-45ec-91e9-9caaa9134ea6	inv-coco	Coco rallado	0	\N	coco	Semillas	300	Inventariables	peso	g
d216d067-9759-4676-a7e2-41556f648173	inv-crema-mani	Crema de maní	0	\N	crema maní	Semillas	400	Inventariables	peso	g
22750722-2b13-402d-9644-071a9a40409a	inv-curcuma	Cúrcuma	0	\N	cúrcuma	Especias	100	Inventariables	peso	g
5ae4b944-5c82-409f-957f-2c5aac7b69f9	inv-jengibre	Jengibre	0	\N	jengibre	Especias	200	Inventariables	peso	g
170a8ba1-1e9c-4927-a83b-77818855e328	inv-maca	Maca	0	\N	maca	Especias	150	Inventariables	peso	g
c45b5d0d-73bd-4ea1-a6c0-5aff86a3df34	inv-miel	Miel	0	\N	miel	Especias	500	Inventariables	peso	g
6daad8c7-a56b-41bb-aac2-39865602fde4	inv-cafe	Café	0	\N	café	Bebidas	1000	Inventariables	peso	g
33564f53-bafd-4853-b33b-28e67e19f29f	inv-te-matcha	Té matcha	0	\N	té matcha	Bebidas	200	Inventariables	peso	g
41255860-00f8-4653-b288-4cc4d9412cff	inv-cacao	Cacao puro	0	\N	cacao puro	Bebidas	300	Inventariables	peso	g
2486b0c9-520c-48fd-ad05-d7f5b506bb21	inv-proteina	Proteína whey	0	\N	proteína whey	Bebidas	500	Inventariables	peso	g
ed74f62f-d2d3-4cf1-a688-dc615363f8c9	sand-del-huerto	Del huerto	15500	Mayonesa de rostizados, queso feta, rúgula, tomates horneados, champiñones, parmesano, mix de semillas, chips de arracacha.	del huerto, champiñones, mayonesa rostizada, queso feta, crocantes de arracacha, tomate horneado, semillas de calabaza, queso tajado	Sandwiches	0	No inventariables	\N	\N
20cc1e0f-330e-42b7-b8b9-05c1069d7682	sand-jamon-artesano	Jamón artesano	18500	Salsa verde, queso doble crema, jamón de cerdo, rúgula, tomates horneados, parmesano.	jamón artesano, jamón de cerdo, miel de uvilla, cebolla, tomate horneado, rúgula, queso tajado, queso parmesano, salsa verde	Sandwiches	0	No inventariables	unidad	unidad
05d9250c-df43-4f67-9fc5-f2e70f3b49ea	acompanamientos-granola-vtiz	Granola	7000	Granola de diferentes sabores	\N	Acompañamientos	0	No inventariables	\N	\N
bbe7a283-40e4-4d35-bac2-1aa7423a4058	batidos-refrescantes-amanecer-9o4k	Amanecer	9500	Mango, piña, menta, semillas de chía.	\N	Batidos refrescantes	0	No inventariables	\N	\N
35a41129-ef96-43e6-8ebc-7c14c4d26605	batidos-refrescantes-sandia-salvaje-qmn2	Sandía salvaje	9500	Sandía, fresa, hierbabuena, limón, kiwi.	\N	Batidos refrescantes	0	No inventariables	\N	\N
f3e97ba3-6dc6-4847-becf-7f84e94873f2	batidos-refrescantes-pina-rosa-pgde	Piña rosa	9500	Hierbabuena, pitaya rosada, piña, limón.	\N	Batidos refrescantes	0	No inventariables	\N	\N
a923676d-77da-4843-9df2-8eb637965cb4	batidos-funcionales-golden-milk-ty5b	Golden milk	10500	Mango, banano, yogurt natural, leche, miel, chía, cúrcuma, maca.	\N	Batidos funcionales	0	No inventariables	\N	\N
16325ab3-d934-4d9d-9573-056bded27d08	batidos-funcionales-digest-f7d4	Digest	10500	Sábila, piña, kiwi, chía, naranja, miel.	\N	Batidos funcionales	0	No inventariables	\N	\N
2f8a28bd-4987-4e33-995f-932f31d24255	batidos-funcionales-antioxidante-n3p2	Antioxidante	10500	Sandía, remolacha, jengibre, mora, limón, chía.	\N	Batidos funcionales	0	No inventariables	\N	\N
febcfb4f-bc51-4719-89dd-765ed174f19b	batidos-funcionales-saciante-plp7	Saciante	10500	Arándano, fresa, banano, leche, chía, avena.	\N	Batidos funcionales	0	No inventariables	\N	\N
1926274b-2765-4f72-810f-6e79ad575a91	batidos-funcionales-detox-pt8p	Detox	10500	Jengibre, apio, perejil, menta fresca, manzana verde, kiwi, pepino, naranja, miel.	\N	Batidos funcionales	0	No inventariables	\N	\N
c3704705-037f-40c4-976c-d0576e944b21	batido-pink	Pink	12000	Fresa y banano con yogurt natural y leche; chía y avena.	pink, fresa, banano, yogurt natural, leche, chía, avena, batido especial	Batidos especiales	0	No inventariables	unidad	unidad
153a1ea3-1420-4d88-b427-c23254b00bde	batido-moca-energy	Moca Energy	12000	Banano, café frío y leche con cacao puro, crema de maní y avena.	moca energy, banano, café frío, leche, cacao puro, crema de maní, avena, batido especial, energía	Batidos especiales	0	No inventariables	unidad	unidad
31a6d560-88e6-45ec-9177-0625136ffe22	batido-matcha-protein	Matcha Protein	16000	Té matcha con 1 scoop de proteína whey (30 g).	matcha protein, té matcha, proteína, whey, 30 g, batido especial, alto en proteína	Batidos especiales	0	No inventariables	unidad	unidad
d4f6e89a-8cbe-4ecd-b524-b731b1223b24	matcha-latte-helado	Matcha latte helado	11000	Té matcha con leche y hielo.	matcha latte helado, té matcha, leche, hielo, bebida fría	Bebidas frías	0	Bebidas frías	No inventariables	unidad
890a38ce-311d-45f0-b602-f10798189185	blue-latte-helado	Blue latte helado	10500	Té azul en leche o bebida vegetal con hielo.	blue latte, té azul, bebida vegetal, leche, hielo, bebida fría	Bebidas frías	0	Bebidas frías	No inventariables	unidad
2ea1c1da-ad0a-41d8-978e-8a5ab618ef6f	limonada-azul	Limonada azul	10000	Mezcla de limón y té azul.	limonada azul, limón, té azul, bebida fría, refrescante	Bebidas frías	0	Bebidas frías	No inventariables	unidad
a6180a54-dcea-4af5-a873-455b03618324	cafe-pitaya	Café Pitaya	10500	Café y pitaya rosa.	café pitaya, pitaya rosa, café frío, bebida fría	Bebidas frías	0	Bebidas frías	No inventariables	unidad
c7572bb3-01f8-4c66-a3e3-0c262093761c	acompanamientos-bolsa-vgbf	Bolsa	1000	Bolsa para llevar	\N	Acompañamientos	0	No inventariables	\N	\N
fb87265d-4925-4fc3-be32-7c55e611f5e6	acompanamientos-scoop-de-proteina-7wfh	Scoop de Proteina	5000	Scoop de proteina para batidos	\N	Acompañamientos	0	No inventariables	\N	\N
fc11776c-aef5-449a-9fcf-1e982a0b35ab	acompanamientos-leche-vegetal-niu0	Leche vegetal	2000	Leche de almendras o leche de avena	\N	Acompañamientos	0	No inventariables	\N	\N
290b77dc-ac81-48e0-bb33-70fefbe3273b	acompanamientos-chips-de-arracacha-e88x	Chips de arracacha	2000	Chips	\N	Acompañamientos	0	No inventariables	\N	\N
f8e85d01-41b6-4ad5-8430-19a2406317f2	frutas-uvillas-xph8	Uvillas	3800		\N	Frutas	1035	Inventariables	gramos	g
7e4177df-0f44-4162-b0b8-0a8a7b6bd97b	acompanamientos-adicion-proteina-4if7	Adición Proteina	5000	Pechuga de pollo, Jamón de cerdo o Carne desmechada	\N	Acompañamientos	0	No inventariables	\N	\N
a1a2c0c2-0779-46b4-87cc-f47473361928	acompanamientos-adicion-granola-x65h	Adición Granola	2500	Adición Granola Para batidos y bowls	\N	Acompañamientos	0	No inventariables	\N	\N
c260a933-f796-416a-9d0c-ab2b4e769e33	acompanamientos-adicion-chia-lt6u	Adición Chía	2500	Adición de Chia para bowls y batidos 	\N	Acompañamientos	0	No inventariables	\N	\N
f0970c1d-9ee1-4a8e-a946-58c01aa22b33	desayunos-desayuno-improvisado-sh00	Desayuno Improvisado	13000	Huevo Revuelto con 2 panes integrales y topings de bowls salados y bebida caliente	\N	Desayunos	0	No inventariables	\N	\N
55a58658-65cd-43dd-a160-6449b3f38a1c	acompanamientos-adicion-topping-ew1q	Adición Topping	3000		\N	Acompañamientos	0	No inventariables	\N	\N
\.


--
-- Data for Name: order_items; Type: TABLE DATA; Schema: public; Owner: postgres
--

COPY "public"."order_items" ("id", "order_id", "menu_item_id", "cantidad", "notas") FROM stdin;
2a8e5ed5-1990-48dc-b887-53677d72563a	c816883c-1811-416f-bb80-92ac3ff8d711	b3595ec8-1cb5-4a44-9dc4-c25a65b47b0e	1	\N
e8f4e646-d21c-4ec3-ba55-5949bb73b495	c816883c-1811-416f-bb80-92ac3ff8d711	2ea1c1da-ad0a-41d8-978e-8a5ab618ef6f	1	\N
bc54eea2-f85a-4999-8a4e-3701ee0defd4	4ace7a39-1bb7-4837-b544-20479ecfaac2	b3595ec8-1cb5-4a44-9dc4-c25a65b47b0e	1	\N
a381ad69-f262-4668-9a4e-70027c589e4e	de7f4770-191d-4b57-ad9c-6468b2a0d51a	bbe7a283-40e4-4d35-bac2-1aa7423a4058	1	\N
9e038b1c-4419-44c2-92dc-060bd7fbc6d0	de7f4770-191d-4b57-ad9c-6468b2a0d51a	fb87265d-4925-4fc3-be32-7c55e611f5e6	1	\N
98d4ebec-919d-49a6-a96a-8f244728b34d	c8cde86a-df1e-47ef-8c13-d8468a25f3eb	36d50cac-2255-4963-b89a-6d7e29450faf	1	\N
6aa81fce-239d-48ac-bb32-b9a248f2f669	d6a104ee-86fe-47e2-976d-47a99d172ced	114e2c84-cf03-47a9-abae-b3edd6911ded	1	Bases: Arroz, Pasta\nToppings: Maíz tierno, Pico de gallo, Tocineta, Queso feta\nProteína: Pechuga de pollo
bbcc89d9-7ac9-43da-93fe-2a824ba6216d	270cb9c3-9278-47e2-89b9-36492b584e9c	16325ab3-d934-4d9d-9573-056bded27d08	1	\N
1181c740-7ccf-40c1-a5c1-d1d5dc1d66d5	63195593-a2c9-41a3-887c-a129e1cdd976	d91e4dd0-47a5-46fc-bf29-35b764305016	1	\N
231bce98-e531-4363-831e-2d35f7be6a8b	3d487325-f935-4c40-9e2a-236592e67b56	114e2c84-cf03-47a9-abae-b3edd6911ded	2	Bases: Arroz, Pasta\nToppings: Maíz tierno, Pico de gallo, Tocineta, Queso feta\nProteína: Jamón de cerdo
90a2eaee-d32e-49fc-bcfa-b93866e2a55e	3d487325-f935-4c40-9e2a-236592e67b56	7f82e02d-0f16-4a9d-9681-5dd06edbdc0f	1	\N
a3e625cf-e23e-411c-bfcd-619a54fef411	c0b4015d-a729-4c9e-a220-cd6bb9b002f7	114e2c84-cf03-47a9-abae-b3edd6911ded	1	Bases: Arroz, Pasta\nToppings: Maíz tierno, Pico de gallo, Tocineta, Queso feta\nProteína: Jamón de cerdo
865a9d06-e7fe-429d-b864-3452bcd55808	7d385443-f410-4453-8e1d-9133ccfc279f	b3595ec8-1cb5-4a44-9dc4-c25a65b47b0e	1	\N
37268393-36b5-467b-82b6-57a284cfbc11	507f5e77-20a2-4f77-8394-6bccf0eff0a2	114e2c84-cf03-47a9-abae-b3edd6911ded	1	Bases: Pasta, Quinua\nToppings: Maíz tierno, Pico de gallo, Tocineta, Queso feta\nProteína: Jamón de cerdo
06284a7a-313b-4b06-9e3f-298aef000569	68f500ad-bb4e-4328-9d2a-9bcda8a7d6b0	114e2c84-cf03-47a9-abae-b3edd6911ded	1	Bases: Quinua, Pasta\nToppings: Champiñones, Guacamole, Chips de arracacha, Zanahoria\nProteína: Jamón de cerdo
ec6b7082-36b7-44cf-871a-f74f39e9887d	4157c111-1cd4-4731-9e23-79474160c9e8	114e2c84-cf03-47a9-abae-b3edd6911ded	1	Bases: Pasta, Quinua\nToppings: Guacamole, Chips de arracacha, Zanahoria, Queso feta\nProteína: Carne desmechada
0c6e9614-6ba2-4b5b-b93b-27aae7c87935	b88ba1fa-6f2a-4a1a-bbeb-1ef46feb7dcf	febcfb4f-bc51-4719-89dd-765ed174f19b	1	\N
c6b2b2da-925b-439f-9537-b926440c9ef3	b88ba1fa-6f2a-4a1a-bbeb-1ef46feb7dcf	7f82e02d-0f16-4a9d-9681-5dd06edbdc0f	1	\N
6c47c1a7-aea8-40c5-a884-28cbb312771b	23eb2329-0c5e-4088-8fb3-36715c1d1f4c	36d50cac-2255-4963-b89a-6d7e29450faf	1	\N
2b07ca8b-7d61-475d-aa0e-6b5185e69058	23eb2329-0c5e-4088-8fb3-36715c1d1f4c	7f82e02d-0f16-4a9d-9681-5dd06edbdc0f	1	\N
f4e0112f-d332-4e76-ad42-b5209e32c9a0	23eb2329-0c5e-4088-8fb3-36715c1d1f4c	febcfb4f-bc51-4719-89dd-765ed174f19b	1	\N
aee09276-7b50-4ad7-9871-9e7aafb735d1	b4d33059-dfdb-43af-94b8-c04e0a270161	36d50cac-2255-4963-b89a-6d7e29450faf	2	\N
9762abdc-09f0-4c0f-a237-4b03c8ded20d	615f8381-992b-4d15-8313-899413b973fb	d4f6e89a-8cbe-4ecd-b524-b731b1223b24	1	\N
599d5958-0b21-4f77-a849-c22caadf07c1	615f8381-992b-4d15-8313-899413b973fb	b68386e8-b73e-422b-a5b6-47d622faac19	1	\N
0651fc7e-efa3-466f-af75-af10f0af8550	615f8381-992b-4d15-8313-899413b973fb	20cc1e0f-330e-42b7-b8b9-05c1069d7682	1	\N
86c95df8-e98e-4a81-b6b5-bb661a00d82c	615f8381-992b-4d15-8313-899413b973fb	febcfb4f-bc51-4719-89dd-765ed174f19b	1	\N
8caaf6d6-066c-4e74-aa62-f9f34930f19c	0168c10e-c788-426c-b706-3c57300c52f1	fa107d92-d59b-4686-b51f-7df33766c361	2	\N
1a6307bc-0a9b-4dbe-b72e-cae895dc7bce	c5be6c87-d4d6-40a4-afa5-edb12ae9365f	fa107d92-d59b-4686-b51f-7df33766c361	1	\N
8c7c25ef-be1a-44bc-b672-d3894b2b7c40	1529133b-90d2-498e-a089-11ee20022e23	b68386e8-b73e-422b-a5b6-47d622faac19	1	\N
27c32055-db17-451b-b987-8380c360b167	1529133b-90d2-498e-a089-11ee20022e23	114e2c84-cf03-47a9-abae-b3edd6911ded	1	Bases: Quinua, Pasta\nToppings: Champiñones, Guacamole, Chips de arracacha, Zanahoria\nProteína: Carne desmechada
0271d0b1-5bf5-43aa-977f-12af58ba7497	a064c078-e503-4588-9f1a-5833ab74af57	b3595ec8-1cb5-4a44-9dc4-c25a65b47b0e	1	\N
923f090d-f9c4-47d0-96f5-ba47f5127dcc	5d597deb-c39d-48b8-bb7c-d6e593929397	b68386e8-b73e-422b-a5b6-47d622faac19	1	Descuento estudiante 10%
098ff959-9fc6-485b-97f3-2159555f599e	0e99f28d-a472-4ab9-b6f9-0c898b40ba88	d4f6e89a-8cbe-4ecd-b524-b731b1223b24	1	\N
747cc898-05cd-4d4b-8e6f-4c2b5867e926	0e99f28d-a472-4ab9-b6f9-0c898b40ba88	fc11776c-aef5-449a-9fcf-1e982a0b35ab	1	\N
0e2ea2d1-3ed7-4317-b0ad-98368fdba56d	842fbc54-bda1-4b20-957e-85d656cc4a3e	b3595ec8-1cb5-4a44-9dc4-c25a65b47b0e	1	Descuento estudiante 10%
6e3b0d01-5242-4e45-bc92-44f77bfc5d3b	842fbc54-bda1-4b20-957e-85d656cc4a3e	d4f6e89a-8cbe-4ecd-b524-b731b1223b24	1	\N
0ee7335a-3014-4a28-924d-6944b2542be9	842fbc54-bda1-4b20-957e-85d656cc4a3e	290b77dc-ac81-48e0-bb33-70fefbe3273b	1	\N
91721f76-9185-4a88-b482-cf73173ee4a9	842fbc54-bda1-4b20-957e-85d656cc4a3e	114e2c84-cf03-47a9-abae-b3edd6911ded	1	Bases: Pasta, Quinua\nToppings: Champiñones, Guacamole, Chips de arracacha, Zanahoria\nProteína: Jamón de cerdo
fbbcf31a-2620-4742-abe3-6446e8fa8701	5cb52fcb-f91e-49c0-939a-a4dfe0d1cb58	7f82e02d-0f16-4a9d-9681-5dd06edbdc0f	1	\N
3814ad17-5ff9-458a-98a2-83abc182f4f9	5cb52fcb-f91e-49c0-939a-a4dfe0d1cb58	d91e4dd0-47a5-46fc-bf29-35b764305016	1	\N
223af578-c699-4b95-b410-2a7bc575f86e	b0d9be7c-102e-4bfb-a027-33a1cd9996ea	d4f6e89a-8cbe-4ecd-b524-b731b1223b24	1	\N
8c797933-aff9-4c0f-a0ef-3a0f6c3b65ab	b0d9be7c-102e-4bfb-a027-33a1cd9996ea	b68386e8-b73e-422b-a5b6-47d622faac19	1	\N
36d355ba-a881-43dc-8291-099fe4a974a7	9cda329f-736a-45a1-b779-94967eef478f	d4f6e89a-8cbe-4ecd-b524-b731b1223b24	1	\N
3cccf0a2-165d-4fab-9106-1ec4be399154	9cda329f-736a-45a1-b779-94967eef478f	36d50cac-2255-4963-b89a-6d7e29450faf	1	\N
e78e98d7-17cf-4ea7-b861-920258d49d12	9570fce9-c17a-479b-a87c-40d2bcf40312	2ea1c1da-ad0a-41d8-978e-8a5ab618ef6f	1	\N
7f4c364e-b048-40c2-8f09-50a08dd5e4d9	9570fce9-c17a-479b-a87c-40d2bcf40312	36d50cac-2255-4963-b89a-6d7e29450faf	1	\N
4958cde4-b3c6-4b94-b760-fa04191c73c4	9570fce9-c17a-479b-a87c-40d2bcf40312	16325ab3-d934-4d9d-9573-056bded27d08	2	\N
456ceb15-43d5-4c17-a9ac-e053b2cac854	9d69b9cb-eda1-4d32-83a8-2a602a794389	b3595ec8-1cb5-4a44-9dc4-c25a65b47b0e	1	\N
abedbad5-fa0a-4668-b9d3-b895531842be	529b3152-2ab2-4e97-9e1d-bd9a3ab0975e	114e2c84-cf03-47a9-abae-b3edd6911ded	1	Bases: Arroz, Quinua\nToppings: Tocineta, Pepino, Queso feta, Maíz tierno\nProteína: Pechuga de pollo
85941b4d-c83c-419e-8d36-53f98e1dd10d	529b3152-2ab2-4e97-9e1d-bd9a3ab0975e	c7572bb3-01f8-4c66-a3e3-0c262093761c	1	\N
6dae744e-af37-4da6-b474-ebc65771d6a1	9c872a93-c09f-4346-9c46-0883e8fdf576	114e2c84-cf03-47a9-abae-b3edd6911ded	1	Bases: Arroz, Quinua\nToppings: Champiñones, Guacamole, Pepino, Pico de gallo\nProteína: Pechuga de pollo
76ad5ae7-1527-4139-870a-ccadb5ceab95	9c872a93-c09f-4346-9c46-0883e8fdf576	114e2c84-cf03-47a9-abae-b3edd6911ded	1	Bases: Arroz, Pasta\nToppings: Queso feta, Pico de gallo, Champiñones, Tocineta\nProteína: Pechuga de pollo
94f24fae-b3c8-4b11-b4d3-0825e50fed8d	f361c481-118d-4e72-8658-058715d72db2	114e2c84-cf03-47a9-abae-b3edd6911ded	1	Bases: Arroz, Quinua\nToppings: Guacamole, Pico de gallo, Maíz tierno, Queso feta\nProteína: Pechuga de pollo
19297e22-248a-43fb-9183-62057765b835	f361c481-118d-4e72-8658-058715d72db2	114e2c84-cf03-47a9-abae-b3edd6911ded	1	Bases: Arroz, Quinua\nToppings: Guacamole, Pico de gallo, Tocineta, Maíz tierno\nProteína: Pechuga de pollo
76a3f16c-5b1a-4d10-b563-5799cb5baa7c	f361c481-118d-4e72-8658-058715d72db2	7e4177df-0f44-4162-b0b8-0a8a7b6bd97b	2	\N
942d52b3-e0b4-4eb3-882d-461d21e77d27	fd5de209-af3b-4a6e-8bb8-f0876ae61b11	114e2c84-cf03-47a9-abae-b3edd6911ded	1	Bases: Pasta, Arroz\nToppings: Maíz tierno, Pico de gallo, Tocineta, Queso feta\nProteína: Jamón de cerdo
07ad096a-7750-45b9-864d-2f464760aba4	c83d1ab6-6390-4786-848a-094e60de15cd	114e2c84-cf03-47a9-abae-b3edd6911ded	2	Bases: Arroz, Pasta\nToppings: Maíz tierno, Pico de gallo, Tocineta, Queso feta\nProteína: Pechuga de pollo
3543e0ea-b4c2-4404-bdc4-7556136ef0aa	c83d1ab6-6390-4786-848a-094e60de15cd	c7572bb3-01f8-4c66-a3e3-0c262093761c	2	\N
9a3c2481-7d97-4527-95d9-4d503d841fe2	5879eaea-d972-4277-a405-30978f25166e	36d50cac-2255-4963-b89a-6d7e29450faf	1	\N
75f717e6-1b9b-4d1e-a194-63ae153a3799	9040b73f-77bf-427b-b0c2-1bb2526c0086	36d50cac-2255-4963-b89a-6d7e29450faf	1	\N
50b44135-abf0-4d52-ac3d-c313eda2ddec	9040b73f-77bf-427b-b0c2-1bb2526c0086	114e2c84-cf03-47a9-abae-b3edd6911ded	4	Bases: Pasta, Arroz\nToppings: Maíz tierno, Pico de gallo, Tocineta, Queso feta\nProteína: Pechuga de pollo
7e75cd49-8526-45fb-887c-bdaaae238d2b	ae2bebca-571e-4c07-8670-757db996718d	114e2c84-cf03-47a9-abae-b3edd6911ded	2	Bases: Pasta, Quinua\nToppings: Champiñones, Chips de arracacha, Guacamole, Zanahoria\nProteína: Jamón de cerdo
d786c6db-df8d-453f-ae0b-3f29cbb5b181	15cbe337-b663-447c-86e5-c1cca381e249	114e2c84-cf03-47a9-abae-b3edd6911ded	2	Bases: Pasta, Arroz\nToppings: Maíz tierno, Tocineta, Pico de gallo, Queso feta\nProteína: Jamón de cerdo
bb1fbd0f-81b6-4f97-a370-79a596153efa	c26ad814-d661-426f-905b-9e1d7db637c2	b68386e8-b73e-422b-a5b6-47d622faac19	1	Descuento estudiante 10%
3b71ff61-faa4-4ae9-949d-c2ef9247db02	c26ad814-d661-426f-905b-9e1d7db637c2	114e2c84-cf03-47a9-abae-b3edd6911ded	1	Bases: Pasta, Arroz\nToppings: Maíz tierno, Pico de gallo, Tocineta, Queso feta\nProteína: Jamón de cerdo
d3e6914b-9a93-478e-9266-60e21f032d22	7535363c-d10d-4d35-abdc-4eae97bd274f	60c3451b-db1a-45f4-8480-585e01fe2242	1	Descuento estudiante 10%
b94d7310-882f-47ee-8f26-c0d66227d3c7	75f77883-a796-4df2-9bd8-d4bd423c0c1f	31a6d560-88e6-45ec-9177-0625136ffe22	1	\N
b95afc2d-9c38-42d5-ac38-ecb3eedd7192	00778b23-695c-48f2-92ab-b3742b61b855	b68386e8-b73e-422b-a5b6-47d622faac19	1	Descuento estudiante 10%
00a3303d-c75d-493e-9f97-ec25a42403bd	32369dfb-eef0-4209-9ced-9e6b6f1e381e	fe196a9f-e68f-4df6-ab98-5a2c58ad9b16	1	\N
6ad107ae-f9d3-4e69-a57f-8b134685f2fd	32369dfb-eef0-4209-9ced-9e6b6f1e381e	36d50cac-2255-4963-b89a-6d7e29450faf	1	\N
7c5a934a-0529-48ca-8900-4b9f8ebe5c33	32369dfb-eef0-4209-9ced-9e6b6f1e381e	1926274b-2765-4f72-810f-6e79ad575a91	1	\N
124b683b-afbd-4a2a-9d5f-b368c0c5b084	6b96efb7-0e92-4bc4-87fe-0e95a4e561da	114e2c84-cf03-47a9-abae-b3edd6911ded	1	Bases: Pasta, Quinua\nToppings: Champiñones, Tocineta, Chips de arracacha, Guacamole\nProteína: Pechuga de pollo
495bbf35-8287-483a-9e0a-7aadc75eca8d	6b96efb7-0e92-4bc4-87fe-0e95a4e561da	114e2c84-cf03-47a9-abae-b3edd6911ded	1	Bases: Pasta, Quinua\nToppings: Maíz tierno, Champiñones, Tocineta, Queso feta\nProteína: Carne desmechada
4c7c768c-aaed-47f5-bf76-45327d92f6f5	6b96efb7-0e92-4bc4-87fe-0e95a4e561da	d4f6e89a-8cbe-4ecd-b524-b731b1223b24	1	\N
9f526ac1-168d-4acc-832d-53287e3708d2	1ca8ba41-cc65-425c-b4f1-3ddae293522d	114e2c84-cf03-47a9-abae-b3edd6911ded	1	Bases: Pasta, Quinua\nToppings: Guacamole, Champiñones, Chips de arracacha, Tocineta\nProteína: Pechuga de pollo
fd3f78bb-72ce-4497-8928-39f390f7b929	137155b2-2f48-46f2-ad0b-9d7517875112	114e2c84-cf03-47a9-abae-b3edd6911ded	1	Bases: Pasta\nToppings: Guacamole, Pico de gallo, Maíz tierno\nProteína: Pechuga de pollo
59a2e026-e5ed-4f94-8c31-56d6ccf0aa63	137155b2-2f48-46f2-ad0b-9d7517875112	7f82e02d-0f16-4a9d-9681-5dd06edbdc0f	3	\N
3544d83f-9207-4c70-bd24-2133a44aab99	137155b2-2f48-46f2-ad0b-9d7517875112	35a41129-ef96-43e6-8ebc-7c14c4d26605	2	\N
e21c6039-573a-4bb2-a56f-18b74995bac1	c84e0bb3-b3d4-478b-b76f-b27a105878ba	fe196a9f-e68f-4df6-ab98-5a2c58ad9b16	1	\N
b39c05f4-3b32-4024-8346-e99e9cb92f60	c84e0bb3-b3d4-478b-b76f-b27a105878ba	d91e4dd0-47a5-46fc-bf29-35b764305016	1	\N
93caa478-ed5d-46a9-b6cb-79c25aa66d4a	c84e0bb3-b3d4-478b-b76f-b27a105878ba	d4f6e89a-8cbe-4ecd-b524-b731b1223b24	1	\N
d783c791-47ea-4050-98c9-d2e46d7ecff0	c84e0bb3-b3d4-478b-b76f-b27a105878ba	a551c5fe-bf6e-4d9d-a396-22d2147c309d	1	\N
e8f04403-f5f9-4b87-9608-11dbaa49a772	137155b2-2f48-46f2-ad0b-9d7517875112	b3595ec8-1cb5-4a44-9dc4-c25a65b47b0e	1	\N
f8e88212-ca89-4b04-b32d-0b0cd78e85dd	02194b42-3755-4374-a2b7-f099a74381d6	c3704705-037f-40c4-976c-d0576e944b21	2	\N
f4060327-79fe-465d-ab4c-8ecf0078fc62	4dcdbf9e-9136-491c-986f-401f60bdaf58	36d50cac-2255-4963-b89a-6d7e29450faf	1	\N
05093a05-2090-4f7e-bf38-221ca6ab3672	dea8fbf9-2118-4343-ac86-f71661501468	d4f6e89a-8cbe-4ecd-b524-b731b1223b24	1	\N
64de40cd-393e-4807-8cde-6cd7dad80b3d	eeff4778-0520-48ff-8e11-55787643ec39	3bb93296-c6c5-456a-b165-73c1a20a3134	1	\N
2cd6f734-0387-4466-9209-870422d69545	eeff4778-0520-48ff-8e11-55787643ec39	fa107d92-d59b-4686-b51f-7df33766c361	1	\N
c262e414-f8a4-4b8f-9c0b-a99cb1a3df16	6d5ced47-a91b-4990-963f-0fd31d3fe824	a551c5fe-bf6e-4d9d-a396-22d2147c309d	1	\N
11b777aa-c7b5-47fe-aab2-0e137f737dfa	6d5ced47-a91b-4990-963f-0fd31d3fe824	ed348c8c-f11a-401a-8865-5ede23240268	1	\N
ef4ac0c3-4860-40cf-b7d3-af59b4ff28cf	6d5ced47-a91b-4990-963f-0fd31d3fe824	c3704705-037f-40c4-976c-d0576e944b21	1	\N
5b102dac-b99e-4513-ae98-3f268fc56771	6d5ced47-a91b-4990-963f-0fd31d3fe824	d91e4dd0-47a5-46fc-bf29-35b764305016	1	\N
f710ac45-04e2-4a24-a861-476138f27999	6d5ced47-a91b-4990-963f-0fd31d3fe824	84ce9a61-d186-47cb-92b4-afa4d5847dab	1	\N
9949c576-5eed-45ba-9dad-970369e14900	6d5ced47-a91b-4990-963f-0fd31d3fe824	b3595ec8-1cb5-4a44-9dc4-c25a65b47b0e	1	\N
8571a826-be6a-4e2c-a281-d3d56bd44bfb	64fa9dbc-f255-415a-b34f-a27d3332157b	b3595ec8-1cb5-4a44-9dc4-c25a65b47b0e	1	Descuento estudiante 10%
718e37c6-5482-4f6c-847e-3bf176f9b410	64fa9dbc-f255-415a-b34f-a27d3332157b	60c3451b-db1a-45f4-8480-585e01fe2242	1	Descuento estudiante 10%
3e8df92c-f6b1-4fe5-81b0-ce881ec1a5e5	64fa9dbc-f255-415a-b34f-a27d3332157b	fa107d92-d59b-4686-b51f-7df33766c361	1	\N
12e51cf6-b4d2-4054-b711-b0ba62f216ed	64fa9dbc-f255-415a-b34f-a27d3332157b	16325ab3-d934-4d9d-9573-056bded27d08	1	\N
7d46fe7f-1a5a-4fe5-a144-b00036d551c6	003acb1f-0db0-40e0-83e4-e23529ff6a60	3bb93296-c6c5-456a-b165-73c1a20a3134	2	\N
2248b126-c8e3-46e2-ac4b-3f1746911c74	003acb1f-0db0-40e0-83e4-e23529ff6a60	7f82e02d-0f16-4a9d-9681-5dd06edbdc0f	2	\N
cd92fda8-e6c9-4250-a9c7-8759b671102f	07fdd121-94d2-43e8-b856-44e10ae325a8	fa107d92-d59b-4686-b51f-7df33766c361	1	\N
7348c655-d72c-4d6a-8cce-70350229ac23	07fdd121-94d2-43e8-b856-44e10ae325a8	36d50cac-2255-4963-b89a-6d7e29450faf	1	\N
f349d12f-1011-4675-a876-84c6739d9b98	cee5fc2e-f3c2-4cc1-afd8-686b6d303a7c	36d50cac-2255-4963-b89a-6d7e29450faf	1	\N
9c0a0aaf-fb8d-479b-a118-3d291e99a79b	cee5fc2e-f3c2-4cc1-afd8-686b6d303a7c	fa107d92-d59b-4686-b51f-7df33766c361	1	\N
49409909-4fc5-4474-8bff-242e48fa3cac	cee5fc2e-f3c2-4cc1-afd8-686b6d303a7c	3bb93296-c6c5-456a-b165-73c1a20a3134	1	\N
35ddb83c-08e0-4eda-9585-abd58e09f66b	cee5fc2e-f3c2-4cc1-afd8-686b6d303a7c	a551c5fe-bf6e-4d9d-a396-22d2147c309d	1	\N
6105574b-6e03-4e88-881a-452e8d06fba3	cee5fc2e-f3c2-4cc1-afd8-686b6d303a7c	c260a933-f796-416a-9d0c-ab2b4e769e33	1	\N
28f065bf-7b64-4411-aee4-a3254412c350	cee5fc2e-f3c2-4cc1-afd8-686b6d303a7c	a1a2c0c2-0779-46b4-87cc-f47473361928	1	\N
671017e1-b77f-4851-b711-c7c7329ed09b	cee5fc2e-f3c2-4cc1-afd8-686b6d303a7c	290b77dc-ac81-48e0-bb33-70fefbe3273b	3	\N
3caf4990-3a3b-441d-977a-9ebabff11985	cee5fc2e-f3c2-4cc1-afd8-686b6d303a7c	bbe7a283-40e4-4d35-bac2-1aa7423a4058	1	\N
c743c070-0bf7-4efd-8af6-27fbf7a629c4	d2c2ebe9-f796-4351-9134-5b03641020e9	7f82e02d-0f16-4a9d-9681-5dd06edbdc0f	1	\N
b067c627-42f3-490b-af85-a68ab54f27d5	d2c2ebe9-f796-4351-9134-5b03641020e9	35a41129-ef96-43e6-8ebc-7c14c4d26605	2	\N
e03b3beb-7c42-4861-ab8f-414f34dfcf21	bc32d274-8c58-4591-8669-e76fa7b6a1f7	60c3451b-db1a-45f4-8480-585e01fe2242	1	\N
2321621f-0939-4026-9461-3442677ad951	bc32d274-8c58-4591-8669-e76fa7b6a1f7	36d50cac-2255-4963-b89a-6d7e29450faf	1	\N
5bbfa092-972b-47b5-8ad7-d0341d9b6b8b	bc32d274-8c58-4591-8669-e76fa7b6a1f7	fa107d92-d59b-4686-b51f-7df33766c361	1	\N
649f4b61-4543-4e5d-91a6-dbfb11bb5f19	bc32d274-8c58-4591-8669-e76fa7b6a1f7	fe196a9f-e68f-4df6-ab98-5a2c58ad9b16	1	\N
c69b27a2-d5d9-47d6-b769-dafbad4f2bb4	bc32d274-8c58-4591-8669-e76fa7b6a1f7	c7572bb3-01f8-4c66-a3e3-0c262093761c	1	\N
67a8fad2-d5a8-4a59-b6a1-fc11a64e1490	cb353b71-1ebb-4704-88e2-e1bc53cbe1cb	114e2c84-cf03-47a9-abae-b3edd6911ded	2	Bases: Pasta\nToppings: Maíz tierno, Pico de gallo, Tocineta, Queso feta\nProteína: Jamón de cerdo
b24d58e7-b671-4d4f-8f0c-57c26e7616eb	cb353b71-1ebb-4704-88e2-e1bc53cbe1cb	890a38ce-311d-45f0-b602-f10798189185	2	\N
dc3f23d2-8307-4968-8c6c-48856ab69693	cb353b71-1ebb-4704-88e2-e1bc53cbe1cb	b3595ec8-1cb5-4a44-9dc4-c25a65b47b0e	1	\N
917df360-2c51-44c9-a6af-6807711578cc	311ae63b-e7c6-4022-98ff-f059b7255029	36d50cac-2255-4963-b89a-6d7e29450faf	1	\N
fb193ab0-273b-47e8-9ecf-ff33f629dceb	1e035429-2e7a-47d0-8bbc-73bf2a403e23	f0970c1d-9ee1-4a8e-a946-58c01aa22b33	2	\N
a6f02466-e99b-4593-b598-16307c77ee3c	1e035429-2e7a-47d0-8bbc-73bf2a403e23	290b77dc-ac81-48e0-bb33-70fefbe3273b	1	\N
ae216129-32c6-4d81-8bba-acf9e801c776	1e035429-2e7a-47d0-8bbc-73bf2a403e23	114e2c84-cf03-47a9-abae-b3edd6911ded	2	Bases: Arroz, Pasta\nToppings: Maíz tierno, Tocineta, Queso feta, Pico de gallo\nProteína: Jamón de cerdo
a2d5da37-40d1-483f-9ed6-a003ad3e7ebe	1e035429-2e7a-47d0-8bbc-73bf2a403e23	84ce9a61-d186-47cb-92b4-afa4d5847dab	1	\N
3bf06a6e-0f9c-4a40-ab23-08dc298e70d7	1e035429-2e7a-47d0-8bbc-73bf2a403e23	fe196a9f-e68f-4df6-ab98-5a2c58ad9b16	1	\N
cc37dc47-e9e3-4284-9a86-c91da113e5ea	25cecc96-c8e5-4e72-a78c-58fc76f1230e	b68386e8-b73e-422b-a5b6-47d622faac19	1	\N
67dbb4c1-8b53-4cb5-a1db-50dba9d53a8f	25cecc96-c8e5-4e72-a78c-58fc76f1230e	b3595ec8-1cb5-4a44-9dc4-c25a65b47b0e	1	\N
f0327176-e515-4c93-bf3d-4de9f0e7c4c2	25cecc96-c8e5-4e72-a78c-58fc76f1230e	fa107d92-d59b-4686-b51f-7df33766c361	1	\N
7f7f3381-8218-4f11-a675-2cd831443afe	25cecc96-c8e5-4e72-a78c-58fc76f1230e	fe196a9f-e68f-4df6-ab98-5a2c58ad9b16	1	\N
b92d10c7-1a4c-44eb-87a7-a8791969e656	25cecc96-c8e5-4e72-a78c-58fc76f1230e	20cc1e0f-330e-42b7-b8b9-05c1069d7682	1	\N
50abd227-dffa-4a05-9600-5ec0f489e18d	25cecc96-c8e5-4e72-a78c-58fc76f1230e	890a38ce-311d-45f0-b602-f10798189185	1	\N
bf844854-6937-4c45-89c8-ab32d7378574	7022e0a3-2a51-4cb6-beb7-4e6587e0eb9d	2ea1c1da-ad0a-41d8-978e-8a5ab618ef6f	1	\N
9bf360a9-77b6-465a-997e-64af6faa79ff	7022e0a3-2a51-4cb6-beb7-4e6587e0eb9d	35a41129-ef96-43e6-8ebc-7c14c4d26605	1	\N
9b56395d-f9b3-4339-8c4d-01b07f47f752	7022e0a3-2a51-4cb6-beb7-4e6587e0eb9d	d91e4dd0-47a5-46fc-bf29-35b764305016	2	\N
43a71179-9b3d-460e-a6a0-410ad3795a0a	f86ca3e2-2fc5-4918-b3d1-78c2255ba587	b68386e8-b73e-422b-a5b6-47d622faac19	1	\N
17286051-6ecc-4070-b405-c24a84c1a532	f86ca3e2-2fc5-4918-b3d1-78c2255ba587	b3595ec8-1cb5-4a44-9dc4-c25a65b47b0e	1	\N
e4ac9675-d4ef-44dc-ab97-6406e0eac477	625d0891-e934-4f39-b94a-5f83beb50503	114e2c84-cf03-47a9-abae-b3edd6911ded	1	Bases: Quinua, Pasta\nToppings: Maíz tierno, Champiñones, Chips de arracacha, Queso feta\nProteína: Jamón de cerdo
2d80205f-f2a4-48dc-b3a1-18e65177fed3	625d0891-e934-4f39-b94a-5f83beb50503	c7572bb3-01f8-4c66-a3e3-0c262093761c	1	\N
8739776c-fc23-4441-982e-2ed22944695a	625d0891-e934-4f39-b94a-5f83beb50503	290b77dc-ac81-48e0-bb33-70fefbe3273b	1	\N
4d1a3696-59c1-4ca0-add1-567598d708ff	611df515-c40a-46aa-b953-d1c79416902f	b3595ec8-1cb5-4a44-9dc4-c25a65b47b0e	2	\N
1cacd507-56e2-4a21-9933-1f9bd634ea26	611df515-c40a-46aa-b953-d1c79416902f	a923676d-77da-4843-9df2-8eb637965cb4	1	\N
07bac5b3-ddce-4b0c-bcab-762d32be8abc	f14569f9-5d32-49bd-a92e-53da5226951a	9570e5a7-af90-4277-91a0-dd6a3de80bd7	1	\N
a58ee97e-7422-4ff6-96d1-ba4a218358ec	f14569f9-5d32-49bd-a92e-53da5226951a	c7572bb3-01f8-4c66-a3e3-0c262093761c	1	\N
ed509c20-4e42-41f2-99f3-600e346506a8	f14569f9-5d32-49bd-a92e-53da5226951a	d91e4dd0-47a5-46fc-bf29-35b764305016	1	\N
fb80a096-0084-46a3-b58a-be02931a629b	93b9a4a6-52d6-4729-ab9e-c058cf38e2d2	b3595ec8-1cb5-4a44-9dc4-c25a65b47b0e	1	\N
cb3c9892-683a-4979-93cc-03c316931c7d	93b9a4a6-52d6-4729-ab9e-c058cf38e2d2	114e2c84-cf03-47a9-abae-b3edd6911ded	2	Bases: Pasta\nToppings: Maíz tierno, Pico de gallo, Tocineta, Queso feta\nProteína: Jamón de cerdo
7621224d-4550-44f6-9e50-27d2e3898080	6e341b21-50c3-43fc-a256-d21a50eb6f7a	114e2c84-cf03-47a9-abae-b3edd6911ded	1	Bases: Pasta, Quinua\nToppings: Maíz tierno, Champiñones, Pico de gallo, Tocineta\nProteína: Pechuga de pollo
8bea673d-2c73-4d76-9ea9-f1bdd1139ee8	6e341b21-50c3-43fc-a256-d21a50eb6f7a	7e4177df-0f44-4162-b0b8-0a8a7b6bd97b	1	\N
aa4fac5a-b275-498b-8683-b9ceed548904	6e341b21-50c3-43fc-a256-d21a50eb6f7a	fa107d92-d59b-4686-b51f-7df33766c361	1	\N
de27f112-6bc3-4617-8feb-d5904355f52d	6e341b21-50c3-43fc-a256-d21a50eb6f7a	7f82e02d-0f16-4a9d-9681-5dd06edbdc0f	2	\N
649f0782-94c3-4453-a4e9-dedc5f04ac50	86cd8216-cc20-44ca-9fd2-fff78e8bbb9a	114e2c84-cf03-47a9-abae-b3edd6911ded	1	Bases: Quinua\nToppings: Pico de gallo, Champiñones, Guacamole, Zanahoria\nProteína: Carne desmechada
33526429-b5cb-4958-906e-d2452e73ecae	64609646-ea6b-48cb-ad69-6f9b570ca387	a6180a54-dcea-4af5-a873-455b03618324	1	\N
33b12291-a812-46da-b605-2040f843daa3	0ef7b910-3764-4969-8787-6557dc8e0162	b3595ec8-1cb5-4a44-9dc4-c25a65b47b0e	1	Descuento estudiante 10%
c3cfb92a-a017-45ab-b701-9d5770e06fa9	0ef7b910-3764-4969-8787-6557dc8e0162	7f82e02d-0f16-4a9d-9681-5dd06edbdc0f	1	\N
35803dfb-e933-4ef4-a53b-ae9849a35de3	0ef7b910-3764-4969-8787-6557dc8e0162	a551c5fe-bf6e-4d9d-a396-22d2147c309d	1	\N
57e83b20-f5b8-4870-8017-ba26181ec63f	db7fd491-754a-4b36-aed2-c7a6dafd4b9b	7f82e02d-0f16-4a9d-9681-5dd06edbdc0f	1	\N
4ae168d4-a594-418e-870c-e15ed46b9c2e	db7fd491-754a-4b36-aed2-c7a6dafd4b9b	a923676d-77da-4843-9df2-8eb637965cb4	1	\N
9701a55a-31cd-4eac-8948-72be9956c6a9	02194b42-3755-4374-a2b7-f099a74381d6	31a6d560-88e6-45ec-9177-0625136ffe22	1	\N
02f4e693-48ec-4879-8e06-54b41cf901d7	02194b42-3755-4374-a2b7-f099a74381d6	d91e4dd0-47a5-46fc-bf29-35b764305016	1	\N
42860cfc-c57e-4dcf-afb5-636424191877	02194b42-3755-4374-a2b7-f099a74381d6	36d50cac-2255-4963-b89a-6d7e29450faf	2	\N
35bc9018-1d65-4452-b937-a404bb7e7e9d	abdb000c-7707-43ab-bff2-f11d298473b1	b3595ec8-1cb5-4a44-9dc4-c25a65b47b0e	1	\N
c50c3831-9bf5-45d0-bbbc-0a4e2cd55029	7655b835-6a78-4b29-bc57-1b80ceeab56e	36d50cac-2255-4963-b89a-6d7e29450faf	1	\N
23a28a97-7f60-4064-9c90-3466607776be	cad9ac26-00bf-479e-8805-56adbb11cd7e	a551c5fe-bf6e-4d9d-a396-22d2147c309d	2	\N
29d1fe08-92c2-45a0-85b3-a8327614ddd3	cad9ac26-00bf-479e-8805-56adbb11cd7e	fc11776c-aef5-449a-9fcf-1e982a0b35ab	2	\N
3a8fb5d0-dfb5-4b6b-837c-535790239eed	21872caf-7ab4-442c-a678-02fbe00879f9	fa107d92-d59b-4686-b51f-7df33766c361	1	\N
21e18a5c-59f1-4e97-b04d-be8335811bc2	21872caf-7ab4-442c-a678-02fbe00879f9	36d50cac-2255-4963-b89a-6d7e29450faf	1	\N
2c803c6f-3995-4e49-80fb-522b99308875	ce08628a-6482-492d-b876-0a6b1e4673e0	a551c5fe-bf6e-4d9d-a396-22d2147c309d	1	\N
86f8adbe-82e3-4b7e-95a5-b0aed8aaf357	ce08628a-6482-492d-b876-0a6b1e4673e0	ed348c8c-f11a-401a-8865-5ede23240268	1	\N
52cae0be-aec9-4d1e-b52a-b36281a206ec	7f8fb50e-b18d-4239-8663-6d9c3f553052	a551c5fe-bf6e-4d9d-a396-22d2147c309d	1	\N
ea8ee5d1-62d4-41fa-adb8-543de2886864	7f8fb50e-b18d-4239-8663-6d9c3f553052	c7572bb3-01f8-4c66-a3e3-0c262093761c	1	\N
fb0948f8-fa61-4dc4-bc03-c5e573254006	17ccdcf3-5e51-4d1f-8e43-f7f46dfb728f	36d50cac-2255-4963-b89a-6d7e29450faf	1	\N
fc3c85d6-e51a-4f10-bfce-1142bae2ad9c	0abc1107-2f6b-4924-979f-acb1c5a2ac39	d91e4dd0-47a5-46fc-bf29-35b764305016	1	\N
60fe5009-88fe-4873-814c-5e72bd544545	40bb8986-bf67-46c2-8bbf-1696fce069dc	a6180a54-dcea-4af5-a873-455b03618324	1	\N
78876c50-efd8-462e-b601-adba1d427328	40bb8986-bf67-46c2-8bbf-1696fce069dc	d91e4dd0-47a5-46fc-bf29-35b764305016	1	\N
037f6a35-d2e3-4939-a8ef-3a6a29d5184c	39881f31-5bc0-4c79-8daf-95a1a220733e	7f82e02d-0f16-4a9d-9681-5dd06edbdc0f	5	\N
a37838f0-57af-4efe-833b-802905d000c5	62a18460-3c21-4aae-9c9a-85b55942e8cd	114e2c84-cf03-47a9-abae-b3edd6911ded	1	Bases: Pasta\nToppings: Champiñones, Tocineta, Pico de gallo, Guacamole\nProteína: Pechuga de pollo
16ddb5a1-b9cc-4978-9b7e-a5533ef4c9ed	62a18460-3c21-4aae-9c9a-85b55942e8cd	114e2c84-cf03-47a9-abae-b3edd6911ded	1	Bases: Arroz\nToppings: Guacamole, Pico de gallo, Maíz tierno, Champiñones\nProteína: Jamón de cerdo
1efd9d1b-675f-4800-8492-1fe179b801e9	62a18460-3c21-4aae-9c9a-85b55942e8cd	36d50cac-2255-4963-b89a-6d7e29450faf	1	\N
41dd7640-d762-4eb7-88b5-1ef60585afa1	62a18460-3c21-4aae-9c9a-85b55942e8cd	114e2c84-cf03-47a9-abae-b3edd6911ded	1	Bases: Pasta\nToppings: Guacamole, Pico de gallo, Maíz tierno, Tocineta\nProteína: Jamón de cerdo
d3a36ca1-b060-4bde-8da9-55da819d4533	bd456dd0-e17e-4027-8a48-42c8642bed5e	114e2c84-cf03-47a9-abae-b3edd6911ded	1	Bases: Pasta, Quinua\nToppings: Maíz tierno, Tocineta, Champiñones, Queso feta\nProteína: Jamón de cerdo
652aa31f-210c-4bd3-9146-94f1753c786b	bd456dd0-e17e-4027-8a48-42c8642bed5e	114e2c84-cf03-47a9-abae-b3edd6911ded	1	Bases: Arroz, Pasta\nToppings: Champiñones, Tocineta, Queso feta, Guacamole\nProteína: Jamón de cerdo
862eaed0-f894-44cc-b52a-dee3922d7da7	6a956be1-abcb-42ce-85cd-1f4737c9faa6	60c3451b-db1a-45f4-8480-585e01fe2242	1	\N
ff3404c2-9033-4c88-aac6-6bd1875f53d2	6a956be1-abcb-42ce-85cd-1f4737c9faa6	114e2c84-cf03-47a9-abae-b3edd6911ded	1	Bases: Quinua, Pasta\nToppings: Maíz tierno, Pico de gallo, Champiñones, Guacamole\nProteína: Pechuga de pollo
f3709e17-0a2b-4c28-a2f7-d0145bbe507e	6a956be1-abcb-42ce-85cd-1f4737c9faa6	114e2c84-cf03-47a9-abae-b3edd6911ded	1	Bases: Arroz, Pasta\nToppings: Tocineta, Maíz tierno, Queso feta, Guacamole\nProteína: Pechuga de pollo
551efd28-5456-4ad5-beed-99249ee6b3bb	8960b373-f72e-4801-8554-bb96e12fcbad	b3595ec8-1cb5-4a44-9dc4-c25a65b47b0e	1	Descuento estudiante 10%
d0481954-7258-447f-959a-700c8ca3a610	8960b373-f72e-4801-8554-bb96e12fcbad	114e2c84-cf03-47a9-abae-b3edd6911ded	1	Bases: Arroz, Pasta\nToppings: Pico de gallo, Maíz tierno, Tocineta, Queso feta\nProteína: Jamón de cerdo
0d36eaf7-c1b7-48ed-a41f-25836d48aa18	8960b373-f72e-4801-8554-bb96e12fcbad	20cc1e0f-330e-42b7-b8b9-05c1069d7682	1	Descuento estudiante 10%
3eac3a2a-2704-436f-a8d8-da717f20bcb5	8960b373-f72e-4801-8554-bb96e12fcbad	bbe7a283-40e4-4d35-bac2-1aa7423a4058	1	\N
d442946b-283e-4113-8207-52e4752a24e5	4a798f19-a186-4806-8cd9-d7e21a5ac611	114e2c84-cf03-47a9-abae-b3edd6911ded	1	Bases: Arroz\nToppings: Maíz tierno, Guacamole, Pico de gallo\nProteína: Jamón de cerdo
184824f4-3233-4c32-8eab-b033785cdd31	8b28c63b-b7a2-4ffe-85d3-0ffdda92c425	fa107d92-d59b-4686-b51f-7df33766c361	1	\N
34f9c84f-8f4d-4b9e-a39a-00d2bad75b03	8b28c63b-b7a2-4ffe-85d3-0ffdda92c425	84ce9a61-d186-47cb-92b4-afa4d5847dab	1	\N
509a15b6-5a38-4666-a6b1-6316c78e1196	8b28c63b-b7a2-4ffe-85d3-0ffdda92c425	d91e4dd0-47a5-46fc-bf29-35b764305016	1	\N
3911ca5b-618b-4de4-bac0-7a1db2000a07	d2f08b77-b59c-4747-b618-80922eb9595b	fe196a9f-e68f-4df6-ab98-5a2c58ad9b16	2	\N
24b3da3e-329a-491f-ac09-c3e2a11b6375	d2f08b77-b59c-4747-b618-80922eb9595b	d91e4dd0-47a5-46fc-bf29-35b764305016	2	\N
5117a2cf-e5f9-4e20-a54d-51bb7d09979d	752926a2-263a-4df1-8020-9ad62a38612f	7f82e02d-0f16-4a9d-9681-5dd06edbdc0f	2	\N
d7e023df-598e-47f5-a5cd-db985e0abdf2	59f3531f-f178-4f8d-812c-1e873ef0d5cf	36d50cac-2255-4963-b89a-6d7e29450faf	1	\N
b824c467-4efc-4488-8bb5-482bbe078eb8	5171d0d9-51cf-4a66-928c-28260ade997b	36d50cac-2255-4963-b89a-6d7e29450faf	1	\N
b2e0ca02-dca7-4206-959a-cd5134800ed4	88a07553-c5e5-4433-97c2-e1f9ac5d204f	a923676d-77da-4843-9df2-8eb637965cb4	2	\N
b899b5db-6e74-4594-b833-a1e7afbd9517	88a07553-c5e5-4433-97c2-e1f9ac5d204f	3bb93296-c6c5-456a-b165-73c1a20a3134	1	\N
f59d3e0e-e430-4385-83bb-ab636edb5e56	88a07553-c5e5-4433-97c2-e1f9ac5d204f	36d50cac-2255-4963-b89a-6d7e29450faf	1	\N
befabcaa-f598-41ea-89d1-8e7ec93c6871	88a07553-c5e5-4433-97c2-e1f9ac5d204f	a551c5fe-bf6e-4d9d-a396-22d2147c309d	1	\N
67ee5070-4b01-4291-a679-3318feead02d	225062c4-12c9-497a-8240-bdf580b7d4ab	fa107d92-d59b-4686-b51f-7df33766c361	1	\N
1675ba7f-d986-4160-a164-68b312789656	225062c4-12c9-497a-8240-bdf580b7d4ab	3bb93296-c6c5-456a-b165-73c1a20a3134	1	\N
490798ba-f27f-4510-b139-317514e4c74a	225062c4-12c9-497a-8240-bdf580b7d4ab	36d50cac-2255-4963-b89a-6d7e29450faf	1	\N
1514f847-3e72-4dff-bac8-23347b451cc4	225062c4-12c9-497a-8240-bdf580b7d4ab	7f82e02d-0f16-4a9d-9681-5dd06edbdc0f	1	\N
d1299b6d-b10b-41a4-a87c-70330b3ec37b	d91aa98a-666c-49f6-8201-007f30fb283a	a551c5fe-bf6e-4d9d-a396-22d2147c309d	1	\N
5338c0da-7038-4078-a67a-c27076fc574f	d91aa98a-666c-49f6-8201-007f30fb283a	114e2c84-cf03-47a9-abae-b3edd6911ded	1	Bases: Arroz\nToppings: Maíz tierno, Tocineta, Guacamole, Queso feta\nProteína: Pechuga de pollo
69258dc1-d3ee-42c1-b512-f539f3c58483	d91aa98a-666c-49f6-8201-007f30fb283a	114e2c84-cf03-47a9-abae-b3edd6911ded	1	Bases: Pasta\nToppings: Maíz tierno, Pico de gallo, Tocineta, Champiñones\nProteína: Pechuga de pollo
c0915b6f-e53b-4097-9dc8-fc399f7468d4	bcc0a152-00b3-40fd-ab14-e511365a7573	d4f6e89a-8cbe-4ecd-b524-b731b1223b24	1	\N
56902403-9188-4bd2-873f-d3595883c0bb	938c755c-ce35-4e70-945c-beb8b738caa5	114e2c84-cf03-47a9-abae-b3edd6911ded	1	Bases: Arroz, Quinua\nToppings: Pico de gallo, Tocineta, Maíz tierno, Guacamole\nProteína: Pechuga de pollo
d01c35f1-eb63-4c16-9e38-889f330baddf	75b049fd-9437-482e-98b5-bdee58ea9736	7f82e02d-0f16-4a9d-9681-5dd06edbdc0f	1	\N
b8f2856d-ac0e-478d-82c7-10df67bd611b	3e60d411-6149-457b-a6bd-bf62b3efe5b9	b68386e8-b73e-422b-a5b6-47d622faac19	1	Descuento estudiante 10%
17eced6d-2b44-408d-a3c5-bad5b7594735	5922ba0d-9d78-465f-a4e6-5129e6eb5a8c	3bb93296-c6c5-456a-b165-73c1a20a3134	1	\N
e89e06e1-dab4-4ea4-9ff2-3fb2320714ce	eca4d05d-183e-43c5-af90-5a7f8a000bb0	b68386e8-b73e-422b-a5b6-47d622faac19	2	Descuento estudiante 10%
aecee68d-a890-4fbf-9102-07d3c4e51b17	eca4d05d-183e-43c5-af90-5a7f8a000bb0	60c3451b-db1a-45f4-8480-585e01fe2242	1	Descuento estudiante 10%
dcf80085-70f4-4498-b7d8-3fddd6b889d2	eca4d05d-183e-43c5-af90-5a7f8a000bb0	20cc1e0f-330e-42b7-b8b9-05c1069d7682	1	Descuento estudiante 10%
d106c540-ba42-4f72-9082-fc8e1953d07e	32a4b5da-dab6-4957-a8c3-b7652cf21b11	114e2c84-cf03-47a9-abae-b3edd6911ded	1	Bases: Arroz, Pasta\nToppings: Maíz tierno, Guacamole, Tocineta, Queso feta\nProteína: Pechuga de pollo
bb33d901-51c8-4582-8943-0d25aff2b72e	7fa3054b-bd50-46cc-8d67-d9a85513f801	c7572bb3-01f8-4c66-a3e3-0c262093761c	1	\N
56adac45-d4f8-42bf-9243-44324eea7d55	6a1de093-9ed0-405b-adb6-da2912cb2c4a	7f82e02d-0f16-4a9d-9681-5dd06edbdc0f	1	\N
f88ca184-e32a-43f9-915a-80a66b296062	bf0e1bad-f3b9-47d0-b4f6-c76c3a6db48b	d91e4dd0-47a5-46fc-bf29-35b764305016	2	\N
38d65306-725d-40c3-8e6c-dff1d43345db	bf0e1bad-f3b9-47d0-b4f6-c76c3a6db48b	890a38ce-311d-45f0-b602-f10798189185	1	\N
c4b8bf55-71aa-4b95-ba31-5d7bbe6d6aa7	bdf830c7-987a-461a-8451-8de8a48eb804	114e2c84-cf03-47a9-abae-b3edd6911ded	1	Bases: Arroz\nToppings: Champiñones, Tocineta, Maíz tierno, Queso feta\nProteína: Pechuga de pollo
1789b6d4-453d-4a7a-9577-83c1dcd4db53	bdf830c7-987a-461a-8451-8de8a48eb804	c7572bb3-01f8-4c66-a3e3-0c262093761c	1	\N
7e69cf73-6e62-475c-aa77-2090d7c79023	19ddf036-cf1e-4e5b-aa22-575b61fd5d07	114e2c84-cf03-47a9-abae-b3edd6911ded	1	Bases: Arroz\nToppings: Maíz tierno, Champiñones, Tocineta, Guacamole\nProteína: Pechuga de pollo
e1eece63-8af7-4af6-a736-1dba616b6516	19ddf036-cf1e-4e5b-aa22-575b61fd5d07	114e2c84-cf03-47a9-abae-b3edd6911ded	1	Bases: Arroz, Pasta\nToppings: Maíz tierno, Champiñones, Tocineta, Guacamole\nProteína: Pechuga de pollo
263c9144-082b-40e3-a789-a7bedebbdbcb	19ddf036-cf1e-4e5b-aa22-575b61fd5d07	114e2c84-cf03-47a9-abae-b3edd6911ded	1	Bases: Pasta\nToppings: Maíz tierno, Champiñones, Guacamole, Tocineta\nProteína: Pechuga de pollo
19167867-1020-4995-948c-2ca4be33915f	ac4f60b8-e38c-448b-b3ba-3367e9205963	36d50cac-2255-4963-b89a-6d7e29450faf	4	\N
3cc92555-b4c4-4554-a1e0-ca930480ddcc	2cd67630-cc8e-46f7-a0c7-7ae817e4d999	60c3451b-db1a-45f4-8480-585e01fe2242	1	\N
044a5b55-f6d4-45da-a496-7d4ec4e344ff	2cd67630-cc8e-46f7-a0c7-7ae817e4d999	114e2c84-cf03-47a9-abae-b3edd6911ded	1	Bases: Arroz\nToppings: Maíz tierno, Guacamole, Tocineta, Queso feta\nProteína: Pechuga de pollo
5416c667-a812-4900-a3dc-a032b383a438	fd386411-5f43-401a-803c-062a135e7796	d4f6e89a-8cbe-4ecd-b524-b731b1223b24	1	\N
d67b7742-4173-4bd0-920f-1b1c9c2e9391	fd386411-5f43-401a-803c-062a135e7796	114e2c84-cf03-47a9-abae-b3edd6911ded	1	Bases: Pasta, Quinua\nToppings: Tocineta, Champiñones, Guacamole, Chips de arracacha\nProteína: Pechuga de pollo
60d4859a-f2ad-41b1-9807-4000b663033f	379dd81b-f12e-42b2-a05d-c8ea1f2e6b09	c7572bb3-01f8-4c66-a3e3-0c262093761c	1	\N
9343cfcb-f071-49bb-89dd-6ecd26fa3fc2	af800575-7c8f-43d8-8892-af4b2ef67f98	d91e4dd0-47a5-46fc-bf29-35b764305016	1	\N
00cd7a48-780e-462d-b970-bb8e7858e900	af800575-7c8f-43d8-8892-af4b2ef67f98	114e2c84-cf03-47a9-abae-b3edd6911ded	1	Bases: Quinua\nToppings: Guacamole, Champiñones, Pico de gallo, Queso feta\nProteína: Pechuga de pollo
aa842216-52eb-4e56-b079-2e67d9827b20	c9c96e5f-702e-4be9-b984-9b95782cf82d	114e2c84-cf03-47a9-abae-b3edd6911ded	1	Bases: Arroz, Quinua\nToppings: Maíz tierno, Zanahoria, Pepino, Chips de arracacha\nProteína: Pechuga de pollo
928f846d-1862-4620-ab8a-955cf82ac323	c9c96e5f-702e-4be9-b984-9b95782cf82d	36d50cac-2255-4963-b89a-6d7e29450faf	1	\N
e806b38f-1e55-458d-ae65-cb97d382bbb1	a2c47dd5-d797-4244-8ee0-c902fa2b6ed9	114e2c84-cf03-47a9-abae-b3edd6911ded	1	Bases: Arroz, Pasta\nToppings: Pico de gallo, Guacamole, Pepino\nProteína: Pechuga de pollo
d99d03ce-a1e0-44dc-91a4-6bec8dbf3218	393b94f0-50b8-4809-90a5-f558b3207b4c	890a38ce-311d-45f0-b602-f10798189185	1	\N
131cf257-e4fb-4e04-9511-032fc220e8e9	50835f25-7aaa-4838-9e03-a0c2974fbe0f	a6180a54-dcea-4af5-a873-455b03618324	2	\N
1ed419a4-e402-4ff4-adfa-dc3764c2587a	c3eaf608-af3f-4779-a8d8-09a95531e3bf	b68386e8-b73e-422b-a5b6-47d622faac19	1	Descuento estudiante 10%
a288ad1e-40f5-4e3d-90f4-77e81bade019	c3eaf608-af3f-4779-a8d8-09a95531e3bf	114e2c84-cf03-47a9-abae-b3edd6911ded	1	Bases: Arroz\nToppings: Maíz tierno, Tocineta, Guacamole, Queso feta\nProteína: Pechuga de pollo
98a02987-68ca-4f93-8ae6-23a0cc8c6712	a55611c1-1b2b-490a-bf1e-55a1bf4814cb	20cc1e0f-330e-42b7-b8b9-05c1069d7682	1	\N
2f45aaa3-f6e7-410c-99fc-1f5b555b7750	a55611c1-1b2b-490a-bf1e-55a1bf4814cb	114e2c84-cf03-47a9-abae-b3edd6911ded	1	Bases: Arroz, Pasta\nToppings: Pico de gallo, Guacamole, Maíz tierno, Tocineta\nProteína: Pechuga de pollo
acafd0bc-6f37-4a64-927f-41e6bc371a68	31dd0943-ee42-4452-89db-30a674a3a566	31a6d560-88e6-45ec-9177-0625136ffe22	1	\N
e767e8fe-006c-4382-b46d-9333d5205472	31dd0943-ee42-4452-89db-30a674a3a566	2ea1c1da-ad0a-41d8-978e-8a5ab618ef6f	1	\N
29b46380-96d7-4a34-8ec8-73dda484fc11	699c3091-60f3-4ebd-9e7a-eae5761cf886	bbe7a283-40e4-4d35-bac2-1aa7423a4058	1	\N
44ff7d86-7915-4fac-b90c-77ed26189b90	699c3091-60f3-4ebd-9e7a-eae5761cf886	84ce9a61-d186-47cb-92b4-afa4d5847dab	1	\N
b55aff99-f41c-4305-9707-87c8515fba9c	699c3091-60f3-4ebd-9e7a-eae5761cf886	36d50cac-2255-4963-b89a-6d7e29450faf	1	\N
d85caba8-a7a7-455f-b02f-f07b95783a30	b1a3a135-4128-4da2-af1c-e30d7a5b2b38	7f82e02d-0f16-4a9d-9681-5dd06edbdc0f	1	\N
c2a37c72-3481-4227-bb44-bac0bdd8d8c2	b1a3a135-4128-4da2-af1c-e30d7a5b2b38	36d50cac-2255-4963-b89a-6d7e29450faf	1	\N
bcfe1793-6187-4123-a3ad-f17925b180a5	c3fc8389-3132-4ad8-b208-a0f1e24f1805	a551c5fe-bf6e-4d9d-a396-22d2147c309d	1	\N
e331a74a-e5df-4d57-ab5e-60a0666c8949	c3fc8389-3132-4ad8-b208-a0f1e24f1805	114e2c84-cf03-47a9-abae-b3edd6911ded	1	Bases: Pasta\nToppings: Tocineta, Maíz tierno, Guacamole, Champiñones\nProteína: Pechuga de pollo
ae1b129d-5a1f-454f-89d2-e912e3265808	8a1d67aa-6d2f-4e4e-8f41-a1f6932cff60	2ea1c1da-ad0a-41d8-978e-8a5ab618ef6f	1	\N
763fc6cd-cfca-47d7-b6ae-95f1804e44f7	8a1d67aa-6d2f-4e4e-8f41-a1f6932cff60	ed74f62f-d2d3-4cf1-a688-dc615363f8c9	2	\N
41ec8d04-ca70-406a-b42f-9af76138093b	ffecc9b9-a793-4e81-b2f0-264ec27229e1	b3595ec8-1cb5-4a44-9dc4-c25a65b47b0e	1	\N
22b4d271-2220-4cc6-bba5-90f401fa2534	ffecc9b9-a793-4e81-b2f0-264ec27229e1	522d937d-7d2d-4c3a-b785-f692a09b8a37	1	\N
f66a8885-0480-462d-86b5-827864381d44	ffecc9b9-a793-4e81-b2f0-264ec27229e1	fc11776c-aef5-449a-9fcf-1e982a0b35ab	1	\N
40108223-e605-4eb6-86ad-138a57cf95da	ffecc9b9-a793-4e81-b2f0-264ec27229e1	d91e4dd0-47a5-46fc-bf29-35b764305016	1	\N
579b443b-2be5-4e89-978d-b466534fa0c5	f46c5e1d-9105-4e81-aaeb-b5aec4291c34	b3595ec8-1cb5-4a44-9dc4-c25a65b47b0e	1	Descuento estudiante 10%
936e9d90-cf7d-4d65-a811-978f657ca9eb	79bc39d6-88d6-4aa3-8193-340423f2f90c	b3595ec8-1cb5-4a44-9dc4-c25a65b47b0e	1	\N
6d12e5e8-f0d6-4ea0-a007-6bb32fecb4b3	79bc39d6-88d6-4aa3-8193-340423f2f90c	60c3451b-db1a-45f4-8480-585e01fe2242	1	\N
128f9633-bb94-4e0c-814a-6a2172749fe5	79bc39d6-88d6-4aa3-8193-340423f2f90c	d91e4dd0-47a5-46fc-bf29-35b764305016	2	\N
b03e6a68-0b08-4449-999e-0bebf37e640f	740dbcef-bbd0-4913-8028-931694ff4839	3bb93296-c6c5-456a-b165-73c1a20a3134	1	\N
ff329736-8f0d-4cd9-9255-d960c86c6f1b	740dbcef-bbd0-4913-8028-931694ff4839	36d50cac-2255-4963-b89a-6d7e29450faf	1	\N
830d10c7-bb9d-49d6-af3a-6673721c515e	0effebc6-07f6-4442-853b-687471a63aef	35a41129-ef96-43e6-8ebc-7c14c4d26605	1	\N
b9ca4ca9-aa1f-409b-b12d-890833928aba	3ef182d4-d4cf-46cb-b375-3738ac2e8f08	36d50cac-2255-4963-b89a-6d7e29450faf	1	\N
928adee7-7f9b-4b39-bccc-0ddbdd785c9b	3ef182d4-d4cf-46cb-b375-3738ac2e8f08	fa107d92-d59b-4686-b51f-7df33766c361	1	\N
b8209eb3-a069-499e-832a-13ead34aae7d	a79f3aa9-fe31-4cd6-851d-4214af87b733	a923676d-77da-4843-9df2-8eb637965cb4	1	\N
bea46576-4e3e-4a72-9356-574152fa36d6	4a9860a0-4f38-4b97-9c13-3de185de14d0	b3595ec8-1cb5-4a44-9dc4-c25a65b47b0e	1	Descuento estudiante 10%
6b6e1b65-de21-42b2-871f-19ea1f87c7d6	4a9860a0-4f38-4b97-9c13-3de185de14d0	b68386e8-b73e-422b-a5b6-47d622faac19	1	Descuento estudiante 10%
197ddf19-3413-43a4-bbe9-3800d918ce7f	0d088a22-dae2-4606-b02e-831fb5095977	35a41129-ef96-43e6-8ebc-7c14c4d26605	1	\N
103574f3-5f29-459d-8cda-230c6d54e14b	61ebd998-1fbe-4382-b2b4-bad5bbe8c122	d4f6e89a-8cbe-4ecd-b524-b731b1223b24	1	\N
25097c34-0312-4409-87f5-19fcc2c41ba1	61ebd998-1fbe-4382-b2b4-bad5bbe8c122	36d50cac-2255-4963-b89a-6d7e29450faf	1	\N
d05553ea-dc46-4a56-8570-1253b546eae4	cbb64822-2388-4f5c-83c3-094d9458b14f	114e2c84-cf03-47a9-abae-b3edd6911ded	1	Bases: Pasta, Quinua\nToppings: Champiñones, Maíz tierno, Guacamole, Tocineta\nProteína: Pechuga de pollo
0f5ca262-ab32-4488-97c5-93128803269a	cbb64822-2388-4f5c-83c3-094d9458b14f	114e2c84-cf03-47a9-abae-b3edd6911ded	1	Bases: Pasta, Quinua\nToppings: Maíz tierno, Tocineta, Guacamole, Pepino\nProteína: Pechuga de pollo
b2d8171b-653f-47d1-b690-cf3e8ae9d7a7	2c3c4da6-4e94-4591-abd8-dfd018f45bb0	114e2c84-cf03-47a9-abae-b3edd6911ded	1	Bases: Quinua\nToppings: Maíz tierno, Guacamole, Zanahoria, Tocineta\nProteína: Pechuga de pollo
bd6cdb04-77db-4242-a1db-e6dd80189031	2c3c4da6-4e94-4591-abd8-dfd018f45bb0	c7572bb3-01f8-4c66-a3e3-0c262093761c	1	\N
7a4ff403-15ba-4109-bd6c-5a7b89f51bf7	7778d92c-20cf-475a-97d4-60282845ac1f	febcfb4f-bc51-4719-89dd-765ed174f19b	1	\N
35e2c4ff-78a8-4805-8890-a054d70d444f	7778d92c-20cf-475a-97d4-60282845ac1f	fa107d92-d59b-4686-b51f-7df33766c361	1	\N
c8bd7ef0-1811-4e8d-b455-3df047b53de0	7778d92c-20cf-475a-97d4-60282845ac1f	60c3451b-db1a-45f4-8480-585e01fe2242	1	\N
21e5fe48-4a85-4aec-9048-8fe545054aaf	7778d92c-20cf-475a-97d4-60282845ac1f	9570e5a7-af90-4277-91a0-dd6a3de80bd7	1	\N
2f6dfc79-fd97-436f-aea4-f5e8cd5c972f	4531779c-3b51-465e-b13b-da604123444b	153a1ea3-1420-4d88-b427-c23254b00bde	1	\N
39f04a34-7835-4d6d-8108-549f9a4394d1	4531779c-3b51-465e-b13b-da604123444b	2ea1c1da-ad0a-41d8-978e-8a5ab618ef6f	1	\N
0d7d2917-53e5-4419-9197-7ddd1d4650f7	4531779c-3b51-465e-b13b-da604123444b	114e2c84-cf03-47a9-abae-b3edd6911ded	1	Bases: Pasta, Quinua\nToppings: Maíz tierno, Champiñones, Pico de gallo, Chips de arracacha\nProteína: Pechuga de pollo
2f2269de-05c0-4df9-bd51-2ee2693447b5	8c5e7c78-3cb9-44fa-bbd0-bf7ff1317a4f	114e2c84-cf03-47a9-abae-b3edd6911ded	1	Bases: Quinua\nToppings: Guacamole, Maíz tierno, Tocineta, Pico de gallo\nProteína: Pechuga de pollo
e7305ebb-b34f-4739-aa9d-d92ceaf65ecb	8c5e7c78-3cb9-44fa-bbd0-bf7ff1317a4f	a551c5fe-bf6e-4d9d-a396-22d2147c309d	1	\N
b840f9b6-9bf1-4571-9639-943bddb40b8d	8c5e7c78-3cb9-44fa-bbd0-bf7ff1317a4f	36d50cac-2255-4963-b89a-6d7e29450faf	1	\N
fa238aa1-cf5d-4575-963b-ab388f70e02b	8c5e7c78-3cb9-44fa-bbd0-bf7ff1317a4f	7e4177df-0f44-4162-b0b8-0a8a7b6bd97b	1	\N
71bc8267-600c-4b5e-9c79-9deb14e7fa46	2f4c1c0f-17fe-477c-bd3f-e88d15807699	114e2c84-cf03-47a9-abae-b3edd6911ded	1	Bases: Arroz\nToppings: Maíz tierno, Pico de gallo, Queso feta, Guacamole\nProteína: Pechuga de pollo
2fdc138a-d9b9-42a2-8b0d-61676258fba5	f56d9d47-36a3-47f0-b889-190a744ad7b2	114e2c84-cf03-47a9-abae-b3edd6911ded	1	Bases: Arroz\nToppings: Pepino, Pico de gallo\nProteína: Pechuga de pollo
854eee23-f479-4973-85be-b766f782fd2b	a2aac2b1-c407-48d7-8073-fea7d0528b14	114e2c84-cf03-47a9-abae-b3edd6911ded	1	Bases: Arroz\nToppings: Guacamole, Queso feta, Maíz tierno\nProteína: Pechuga de pollo
f68dc9ce-72b9-49f2-9222-e22fee84f241	f65a580d-f2d9-47ad-807a-5350b844aa8e	290b77dc-ac81-48e0-bb33-70fefbe3273b	1	\N
93dc3f63-052a-4046-a849-3496a7167d72	84a96e20-cade-4099-82fc-b3a81f59338e	fa107d92-d59b-4686-b51f-7df33766c361	1	\N
5c10e40d-9c67-4eb0-8e2e-8d28285e0d4d	b95938f5-d891-4243-970c-124705c5637c	fe196a9f-e68f-4df6-ab98-5a2c58ad9b16	2	\N
0b17dd49-a285-4f92-b171-858a3b71cf8b	b95938f5-d891-4243-970c-124705c5637c	d91e4dd0-47a5-46fc-bf29-35b764305016	2	\N
b2016032-da75-4144-8196-fe6db0a5e9d0	91704602-0a09-4ff5-bb99-501f9161bd3a	d4f6e89a-8cbe-4ecd-b524-b731b1223b24	1	\N
d50abe3b-f250-420e-bf5f-4abb1c8f4cba	90fc67d5-699d-4607-9000-76309dbb73e5	60c3451b-db1a-45f4-8480-585e01fe2242	1	Descuento estudiante 10%
845add0a-716c-466f-ad47-998405661107	90fc67d5-699d-4607-9000-76309dbb73e5	16325ab3-d934-4d9d-9573-056bded27d08	1	\N
59583381-61ac-40cd-b179-789e601190cd	90fc67d5-699d-4607-9000-76309dbb73e5	febcfb4f-bc51-4719-89dd-765ed174f19b	1	\N
eb5cd1d8-80fb-4ba0-acf5-4a9cc4ce38d7	2171f7f9-f1fd-4b83-8b11-adb19cd7f7ee	114e2c84-cf03-47a9-abae-b3edd6911ded	1	Bases: Arroz, Quinua\nToppings: Guacamole, Champiñones, Zanahoria, Tocineta\nProteína: Pechuga de pollo
e558f984-a739-40e8-b109-ae7b5fb2d226	4e87192e-804f-4ec5-8034-76886d92810d	114e2c84-cf03-47a9-abae-b3edd6911ded	1	Bases: Arroz, Quinua\nToppings: Champiñones, Guacamole, Tocineta, Zanahoria\nProteína: Pechuga de pollo
ef611f83-ff87-476c-ba96-ec586864b678	5a362269-ce7c-4822-b901-2902f577b450	114e2c84-cf03-47a9-abae-b3edd6911ded	1	Bases: Arroz, Quinua\nToppings: Pico de gallo, Maíz tierno, Guacamole, Champiñones\nProteína: Pechuga de pollo
408ec280-f3c2-4bd9-9b42-de8d73e50822	9dc0af81-1471-46c3-b1f8-a8d9e23c50fb	114e2c84-cf03-47a9-abae-b3edd6911ded	1	Bases: Arroz, Quinua\nToppings: Guacamole, Champiñones, Pepino, Pico de gallo\nProteína: Carne desmechada
b7a02721-3cb7-4623-91a4-e3f69bab1572	1845e715-ec34-41ef-a919-292bab911d24	114e2c84-cf03-47a9-abae-b3edd6911ded	1	Bases: Arroz, Pasta\nToppings: Guacamole, Pico de gallo, Champiñones, Tocineta\nProteína: Carne desmechada
af078842-0757-44e2-98c9-59aff1463635	1845e715-ec34-41ef-a919-292bab911d24	114e2c84-cf03-47a9-abae-b3edd6911ded	1	Bases: Arroz\nToppings: Maíz tierno, Queso feta, Guacamole, Pico de gallo\nProteína: Carne desmechada
4fbc73f9-94ce-44b5-8180-1eb7ae2dc007	1845e715-ec34-41ef-a919-292bab911d24	7e4177df-0f44-4162-b0b8-0a8a7b6bd97b	1	\N
75f527ca-7c2c-427c-a5a2-c0564eab0671	1845e715-ec34-41ef-a919-292bab911d24	a551c5fe-bf6e-4d9d-a396-22d2147c309d	1	\N
3d3206f5-b4bd-4d05-bc9d-5b4ffbe7bcb2	7ffb487b-e602-4633-af0d-8cd14eac6dc2	114e2c84-cf03-47a9-abae-b3edd6911ded	1	Bases: Arroz, Quinua\nToppings: Maíz tierno, Guacamole, Tocineta, Queso feta\nProteína: Pechuga de pollo
10277ce4-9772-4a79-81d6-dd804e7a95d8	e5dc709c-ec25-496d-ab33-eb7eb086d85b	114e2c84-cf03-47a9-abae-b3edd6911ded	1	Bases: Arroz\nToppings: Pico de gallo, Pepino\nProteína: Carne desmechada
6d8d18ff-d186-42dc-9249-76eb2cc07980	b3772ec1-dee9-45cf-bb2d-6456a5a89ad6	114e2c84-cf03-47a9-abae-b3edd6911ded	1	Bases: Arroz, Pasta\nToppings: Pico de gallo, Guacamole, Pepino\nProteína: Carne desmechada
a8277317-8053-44bf-98d5-3e82e0a8d46b	02af5abc-6627-434c-aa51-1ee78142d007	f3e97ba3-6dc6-4847-becf-7f84e94873f2	1	\N
1ca7dd8e-f8d6-4764-a5eb-79e3586bcd11	02af5abc-6627-434c-aa51-1ee78142d007	d91e4dd0-47a5-46fc-bf29-35b764305016	2	\N
982ddc85-f6f6-49e8-8d38-1e8923a86f0b	a10f76e1-3f8a-48c1-ab93-fa1884274c5d	fa107d92-d59b-4686-b51f-7df33766c361	2	\N
54279f99-ffa9-4bff-aa8b-68857cf323c3	a20074fc-e85a-470e-a897-60900df5f9b5	d4f6e89a-8cbe-4ecd-b524-b731b1223b24	1	\N
ea55b019-805f-4957-96fe-7156e11add4f	a20074fc-e85a-470e-a897-60900df5f9b5	fc11776c-aef5-449a-9fcf-1e982a0b35ab	1	\N
335af583-69a3-4f44-ba50-b1e9c0889ddd	d0d61f26-ed3c-41ad-8410-b96f1c8078a1	7f82e02d-0f16-4a9d-9681-5dd06edbdc0f	1	\N
ece9e548-9ab1-49da-85cc-0527b487c2d2	0c3a4f67-5c4a-4c38-a696-5d7f1ab777ec	522d937d-7d2d-4c3a-b785-f692a09b8a37	1	\N
5b33e0a1-6428-4059-a972-cd1f29e7a8a3	0c3a4f67-5c4a-4c38-a696-5d7f1ab777ec	36d50cac-2255-4963-b89a-6d7e29450faf	1	\N
86b64415-2731-44b3-9bc8-53135750fa60	7e2da855-7198-4cfc-b243-054659e9488e	b3595ec8-1cb5-4a44-9dc4-c25a65b47b0e	2	\N
5857181c-d18c-47e0-8335-6770621dd1db	7e2da855-7198-4cfc-b243-054659e9488e	ed74f62f-d2d3-4cf1-a688-dc615363f8c9	1	\N
51c9b933-8850-464d-9291-23e7ed874a3d	7e2da855-7198-4cfc-b243-054659e9488e	c7572bb3-01f8-4c66-a3e3-0c262093761c	1	\N
dedaa153-134e-488a-9e8c-e672c6f5a2c9	7e2da855-7198-4cfc-b243-054659e9488e	290b77dc-ac81-48e0-bb33-70fefbe3273b	3	\N
83c632c7-24a4-42fa-9f76-f5af16be11b1	8298a070-12b7-426f-ac9f-45e2d6a57824	f0970c1d-9ee1-4a8e-a946-58c01aa22b33	2	\N
02a212b9-7714-4809-8ac3-48ec3e533c50	8298a070-12b7-426f-ac9f-45e2d6a57824	36d50cac-2255-4963-b89a-6d7e29450faf	1	\N
eb554d5d-27e1-4c63-a37d-97ef46ac164c	692231e5-77f7-4489-b3bd-10e0b43d6f24	7f82e02d-0f16-4a9d-9681-5dd06edbdc0f	1	\N
73abad89-1abe-4e3b-949d-c8c215b2dbcf	852b5297-d297-4510-b255-96c2a8c9563e	fa107d92-d59b-4686-b51f-7df33766c361	1	\N
eb3e8c4e-4444-4616-b27c-94220dff8978	852b5297-d297-4510-b255-96c2a8c9563e	7f82e02d-0f16-4a9d-9681-5dd06edbdc0f	1	\N
449dbd3a-5db7-491e-a473-5bc75a07f056	ebc4a867-f3b4-4117-9936-6900208864f1	a551c5fe-bf6e-4d9d-a396-22d2147c309d	2	\N
24a4253b-e17d-4320-a00a-407e9f5edaa9	31a755e6-2467-4ba8-9a97-ae50ede85ddc	7f82e02d-0f16-4a9d-9681-5dd06edbdc0f	1	\N
4ecda372-2eb1-4d4f-8c8d-f82bdd083392	31a755e6-2467-4ba8-9a97-ae50ede85ddc	35a41129-ef96-43e6-8ebc-7c14c4d26605	1	\N
381fa1ee-b6a1-4f1a-8590-1ec07c37d5a7	5c1ec0c3-6782-4a78-afcc-a15a6312ee44	d4f6e89a-8cbe-4ecd-b524-b731b1223b24	1	\N
d6da56f7-9417-4fa7-88d9-eb36bedbd3df	5c1ec0c3-6782-4a78-afcc-a15a6312ee44	d91e4dd0-47a5-46fc-bf29-35b764305016	2	\N
3d763fb3-e705-43de-9780-e23c0c2a8311	6a18e10b-a5d3-43ac-abe1-b29c3a372048	114e2c84-cf03-47a9-abae-b3edd6911ded	1	Bases: Arroz, Pasta\nToppings: Guacamole, Queso feta, Champiñones, Tocineta\nProteína: Carne desmechada
2bd75d31-75c1-4a1b-bba3-c12c41817bd1	6a18e10b-a5d3-43ac-abe1-b29c3a372048	114e2c84-cf03-47a9-abae-b3edd6911ded	1	Bases: Arroz, Pasta\nToppings: Guacamole, Queso feta, Tocineta, Pepino\nProteína: Carne desmechada
f41cd359-44a9-4d97-b0a1-4450849868e5	902fac33-16c9-4c02-b4ea-9f118bef5218	20cc1e0f-330e-42b7-b8b9-05c1069d7682	1	Descuento estudiante 10%
bd147d79-12d8-4eb1-9b28-c993a1423252	26dd1b4e-bd4c-4d68-aaef-632cc1f0556f	114e2c84-cf03-47a9-abae-b3edd6911ded	2	Bases: Arroz\nToppings: Guacamole, Zanahoria, Queso feta, Pepino\nProteína: Pechuga de pollo
e2c513a9-3814-463b-9b59-a305e3d9e4af	26b18556-6b80-44d4-8a96-45b816d41f6e	60c3451b-db1a-45f4-8480-585e01fe2242	1	Descuento estudiante 10%
d8445ae8-0701-4d97-8c60-81b203e1f694	26b18556-6b80-44d4-8a96-45b816d41f6e	b3595ec8-1cb5-4a44-9dc4-c25a65b47b0e	1	Descuento estudiante 10%
c932b172-92ec-41d5-badb-05c316c128a4	26b18556-6b80-44d4-8a96-45b816d41f6e	36d50cac-2255-4963-b89a-6d7e29450faf	1	\N
37450146-2a4d-4085-a5b1-feec61a5fa7b	2cad9473-8a42-4a5b-bbd1-7925a84d2700	114e2c84-cf03-47a9-abae-b3edd6911ded	1	Bases: Arroz\nToppings: Maíz tierno, Pico de gallo, Tocineta, Queso feta\nProteína: Pechuga de pollo
54eca09c-ad98-4bf7-8e40-6246ee9f5c61	54121bcd-7e68-4f0f-985c-caa1849182ba	febcfb4f-bc51-4719-89dd-765ed174f19b	1	\N
1e4088ec-2711-4f1f-a440-6518f82d75bc	d9448d14-a177-48ff-b059-93c9c592771a	a551c5fe-bf6e-4d9d-a396-22d2147c309d	1	\N
2755595f-f223-4100-a4c2-613ae2d5ad31	d9448d14-a177-48ff-b059-93c9c592771a	d91e4dd0-47a5-46fc-bf29-35b764305016	2	\N
771eee67-d854-4c35-b6a3-17fc80334c52	d9448d14-a177-48ff-b059-93c9c592771a	d4f6e89a-8cbe-4ecd-b524-b731b1223b24	1	\N
bf98702f-106d-4110-b5af-8c6efb6af814	4ce55b09-9571-4580-9c81-f5118309c47e	d4f6e89a-8cbe-4ecd-b524-b731b1223b24	1	\N
f9d5a655-bbed-4bd2-8fa3-3232d971c700	95609c92-8fde-4ef6-ab9c-67d4e6022ae0	114e2c84-cf03-47a9-abae-b3edd6911ded	1	Bases: Arroz, Pasta\nToppings: Guacamole, Tocineta, Maíz tierno, Queso feta\nProteína: Carne desmechada
91003cfd-9f80-4f9c-b4d8-e8a46f56ad07	e42515f8-2c16-436e-ad0c-2ca8d5c253c9	996be55c-5666-42fd-bb8b-4ef44cd82194	1	\N
919e2988-2200-4dcb-ad29-8e1e94c77090	e42515f8-2c16-436e-ad0c-2ca8d5c253c9	7f82e02d-0f16-4a9d-9681-5dd06edbdc0f	1	\N
6608243f-9dc3-4a36-8725-bf4c436fbb87	5a844205-06a3-4285-bad7-7cb53dbc0bfe	522d937d-7d2d-4c3a-b785-f692a09b8a37	1	\N
58c5e794-a41a-4854-a858-c18cd4cf568b	11bee7cd-e6bd-4566-9dbb-66bcd20d4229	b3595ec8-1cb5-4a44-9dc4-c25a65b47b0e	1	\N
84ce3613-000e-4229-91d7-e3478d04988a	11bee7cd-e6bd-4566-9dbb-66bcd20d4229	3bb93296-c6c5-456a-b165-73c1a20a3134	1	\N
14198aa7-8f52-40f8-b8f0-11b388cf947b	11bee7cd-e6bd-4566-9dbb-66bcd20d4229	36d50cac-2255-4963-b89a-6d7e29450faf	1	\N
38d15a4b-d4be-4368-9248-e17f6c4d9ae3	7413bd53-ad97-4fd6-a381-6df3834ed854	b3595ec8-1cb5-4a44-9dc4-c25a65b47b0e	1	Descuento estudiante 10%
d9c010eb-c7b7-462b-8a28-852f46c7069e	e2ac12eb-dbf8-428d-86cb-25623fd85c93	60c3451b-db1a-45f4-8480-585e01fe2242	1	\N
f4fe8775-652f-4db6-8b40-df586c8f6b48	e2ac12eb-dbf8-428d-86cb-25623fd85c93	7f82e02d-0f16-4a9d-9681-5dd06edbdc0f	1	\N
5b763141-542c-4593-94ee-2e3a554328d6	56a6dc5d-a5da-44f9-90c3-09d2362176cc	36d50cac-2255-4963-b89a-6d7e29450faf	1	\N
f6c13892-2671-492e-9f0f-b1af17f96f13	a363c763-8698-4cf9-a397-31019c16c1ba	36d50cac-2255-4963-b89a-6d7e29450faf	1	\N
7d8c9e11-2f0c-4d2c-a39b-5da73412f5ac	8a3b24ca-a91a-44e4-ad94-b32a1eaa5be2	b68386e8-b73e-422b-a5b6-47d622faac19	1	\N
8e20a7de-f517-4fae-a04f-305fe50c530b	8a3b24ca-a91a-44e4-ad94-b32a1eaa5be2	b3595ec8-1cb5-4a44-9dc4-c25a65b47b0e	1	\N
5587c8ef-3b2b-474a-ba34-ebb7b681a73c	8a3b24ca-a91a-44e4-ad94-b32a1eaa5be2	84ce9a61-d186-47cb-92b4-afa4d5847dab	2	\N
7c5630c9-af8f-4746-85cf-8a98513724c8	8a3b24ca-a91a-44e4-ad94-b32a1eaa5be2	c7572bb3-01f8-4c66-a3e3-0c262093761c	1	\N
ad23b9dd-683d-4853-868a-a69287eb5d11	df35a376-51e5-47d9-aadf-f2ffa9a8ddb5	b68386e8-b73e-422b-a5b6-47d622faac19	1	\N
985094cc-6d05-4de8-93ee-2b3a85ce35de	df35a376-51e5-47d9-aadf-f2ffa9a8ddb5	b3595ec8-1cb5-4a44-9dc4-c25a65b47b0e	1	\N
1ed51ecd-d485-4069-9c94-e519761f7d09	df35a376-51e5-47d9-aadf-f2ffa9a8ddb5	a923676d-77da-4843-9df2-8eb637965cb4	1	\N
5c54038d-5ce2-419c-87e0-b6ebf56ad607	df35a376-51e5-47d9-aadf-f2ffa9a8ddb5	1926274b-2765-4f72-810f-6e79ad575a91	1	\N
ff27965d-2a17-462d-85d5-26184a988ed2	df35a376-51e5-47d9-aadf-f2ffa9a8ddb5	36d50cac-2255-4963-b89a-6d7e29450faf	1	\N
54ef8ed5-0a48-4386-ae63-aaf18ccc7a48	e681a677-61ba-45a3-8955-db19f49533e9	a6180a54-dcea-4af5-a873-455b03618324	1	\N
3e2bc96c-fd85-4835-9b75-21f6ddc6a34f	e681a677-61ba-45a3-8955-db19f49533e9	36d50cac-2255-4963-b89a-6d7e29450faf	1	\N
7fff0d7b-adde-496d-aced-c43d52ccdc1b	e681a677-61ba-45a3-8955-db19f49533e9	7f82e02d-0f16-4a9d-9681-5dd06edbdc0f	1	\N
f6616691-a09f-4299-942a-de94fc3bb62e	e681a677-61ba-45a3-8955-db19f49533e9	fa107d92-d59b-4686-b51f-7df33766c361	1	\N
bd951760-1425-447b-bbf5-2c73d89426d8	d08b9e44-3645-4e0c-8b59-d34ac3b9966b	522d937d-7d2d-4c3a-b785-f692a09b8a37	1	\N
e8e49af6-7e3d-4daa-819b-6edad6efe10c	d08b9e44-3645-4e0c-8b59-d34ac3b9966b	36d50cac-2255-4963-b89a-6d7e29450faf	2	\N
8c4d628a-ebff-4bc1-9c7f-e1c2d3277916	d08b9e44-3645-4e0c-8b59-d34ac3b9966b	153a1ea3-1420-4d88-b427-c23254b00bde	1	\N
56d26277-cdc3-42b1-8329-01888cc68222	4c8b954f-c40d-4e04-af52-af6e2c3b5e4f	114e2c84-cf03-47a9-abae-b3edd6911ded	1	Bases: Arroz\nToppings: Guacamole, Queso feta, Tocineta\nProteína: Carne desmechada
e5a4f40e-9c08-41f0-8b05-89e253e72ee7	194abf03-548f-479b-a7cc-3b935d0e39c6	c3704705-037f-40c4-976c-d0576e944b21	1	\N
4e069dab-e5e0-4d6f-8138-43bedd1005a3	194abf03-548f-479b-a7cc-3b935d0e39c6	153a1ea3-1420-4d88-b427-c23254b00bde	1	\N
b6e88016-4912-421d-9286-3432b525de4f	194abf03-548f-479b-a7cc-3b935d0e39c6	7f82e02d-0f16-4a9d-9681-5dd06edbdc0f	4	\N
efcc5bde-3b8e-4431-a020-7c9bfb33d433	194abf03-548f-479b-a7cc-3b935d0e39c6	c7572bb3-01f8-4c66-a3e3-0c262093761c	1	\N
59fc80b7-7b8b-4d37-9e2f-eede160c8235	7471c3f7-6b99-4d86-b242-ffa9b6471e04	114e2c84-cf03-47a9-abae-b3edd6911ded	1	Bases: Arroz, Quinua\nToppings: Queso feta, Maíz tierno, Pico de gallo, Guacamole\nProteína: Pechuga de pollo
6ecc895d-f02f-4128-8fb5-ac47b3649072	7471c3f7-6b99-4d86-b242-ffa9b6471e04	114e2c84-cf03-47a9-abae-b3edd6911ded	3	Bases: Arroz, Quinua\nToppings: Maíz tierno, Champiñones, Pepino, Queso feta\nProteína: Pechuga de pollo
5501ef71-0b0f-4982-96a5-99bc8347fe67	7471c3f7-6b99-4d86-b242-ffa9b6471e04	290b77dc-ac81-48e0-bb33-70fefbe3273b	1	\N
fc8e1db2-3d9d-4841-a9c0-3763bc49a306	b48cac54-831c-4c03-af93-ba8e2e4a4196	114e2c84-cf03-47a9-abae-b3edd6911ded	2	Bases: Arroz\nToppings: Pico de gallo, Maíz tierno, Queso feta, Tocineta\nProteína: Pechuga de pollo
c3f9d7f2-c436-4865-899f-1237c1116455	4e05d997-957b-4228-bf4f-dd52586599c7	20cc1e0f-330e-42b7-b8b9-05c1069d7682	2	\N
710845ec-fc3c-4e3f-b31e-e32f0356605f	4e05d997-957b-4228-bf4f-dd52586599c7	c7572bb3-01f8-4c66-a3e3-0c262093761c	1	\N
b15062ed-84bc-4d35-b5df-778833f24406	6023ff83-959d-449c-9fe6-4216a8c71ba6	b3595ec8-1cb5-4a44-9dc4-c25a65b47b0e	1	Descuento estudiante 10%
4ae953e6-159b-4cdb-906e-d01c501ff20a	6023ff83-959d-449c-9fe6-4216a8c71ba6	114e2c84-cf03-47a9-abae-b3edd6911ded	2	Bases: Arroz, Pasta\nToppings: Champiñones, Guacamole, Queso feta, Chips de arracacha\nProteína: Carne desmechada
88cf9bd8-95cf-4f3f-b81c-f74ba9528214	ef588b19-e91f-46f4-bed2-907115ea5481	114e2c84-cf03-47a9-abae-b3edd6911ded	1	Bases: Arroz\nToppings: Maíz tierno, Pico de gallo, Champiñones, Guacamole\nProteína: Pechuga de pollo
700657b5-b87a-44c7-a3ff-6a966cb40aaa	ef588b19-e91f-46f4-bed2-907115ea5481	114e2c84-cf03-47a9-abae-b3edd6911ded	1	Bases: Pasta\nToppings: Maíz tierno, Pico de gallo, Queso feta, Champiñones\nProteína: Pechuga de pollo
2f71d6a1-f051-4e5d-99fc-43847e7f1fab	ef588b19-e91f-46f4-bed2-907115ea5481	c7572bb3-01f8-4c66-a3e3-0c262093761c	1	\N
844a1fc8-608c-4ac7-bf87-e654c959fc16	293431ff-23ff-4392-8745-f4cd2897e691	114e2c84-cf03-47a9-abae-b3edd6911ded	2	Bases: Quinua, Pasta\nToppings: Tocineta, Pico de gallo, Chips de arracacha, Champiñones\nProteína: Carne desmechada
9d949070-98dd-42dd-8aef-ab0e801f4743	293431ff-23ff-4392-8745-f4cd2897e691	114e2c84-cf03-47a9-abae-b3edd6911ded	1	Bases: Pasta\nToppings: Champiñones, Tocineta, Queso feta, Pico de gallo\nProteína: Pechuga de pollo
da504b45-fb20-41d2-9e47-9600ffc7e39d	c87a1b8b-77fa-4559-b07e-bf70bd6a1f48	114e2c84-cf03-47a9-abae-b3edd6911ded	1	Bases: Quinua\nToppings: Maíz tierno, Champiñones, Queso feta, Chips de arracacha\nProteína: Pechuga de pollo
44dcf8fe-b17e-487d-9b82-a5e61b14a1f6	c87a1b8b-77fa-4559-b07e-bf70bd6a1f48	c7572bb3-01f8-4c66-a3e3-0c262093761c	1	\N
6ba396fe-cbe7-4f88-91ec-dfb4ec889145	c87a1b8b-77fa-4559-b07e-bf70bd6a1f48	36d50cac-2255-4963-b89a-6d7e29450faf	1	\N
fb462544-e264-4c6e-a43f-68fd6cdd2373	27243e81-0567-4e2d-9860-56020bc3701e	114e2c84-cf03-47a9-abae-b3edd6911ded	1	Bases: Arroz, Pasta\nToppings: Guacamole, Tocineta, Pico de gallo, Maíz tierno\nProteína: Carne desmechada
30859b76-9095-43ff-ae3e-e93ce8007c9f	27243e81-0567-4e2d-9860-56020bc3701e	114e2c84-cf03-47a9-abae-b3edd6911ded	1	Bases: Arroz, Pasta\nToppings: Tocineta, Guacamole, Queso feta, Maíz tierno\nProteína: Carne desmechada
28c32bae-6e82-43a5-832c-7a958fdfde89	878a38aa-f19a-4cae-adfa-4e584f331fc3	b3595ec8-1cb5-4a44-9dc4-c25a65b47b0e	1	\N
2cf3d38f-f828-4e53-8338-1754a65e1c0e	878a38aa-f19a-4cae-adfa-4e584f331fc3	a6180a54-dcea-4af5-a873-455b03618324	1	\N
edc764c7-3533-42c3-8c1b-a2acad6d852d	caca36b8-a1a5-4231-89c1-e505ebce8327	114e2c84-cf03-47a9-abae-b3edd6911ded	1	Bases: Quinua\nToppings: Pepino, Champiñones, Maíz tierno, Queso feta\nProteína: Pechuga de pollo
f80f5839-efbf-4344-a42e-e6104355c301	17dbc7e0-6098-47bb-b838-d3dccf3eef5d	b3595ec8-1cb5-4a44-9dc4-c25a65b47b0e	1	Descuento estudiante 10%
543a8db2-10cb-41d4-8a34-b255d62a8fad	6d28089b-4b53-40d6-b8fb-d7953e75dc1c	114e2c84-cf03-47a9-abae-b3edd6911ded	1	Bases: Pasta\nToppings: Guacamole, Maíz tierno, Chips de arracacha, Queso feta\nProteína: Pechuga de pollo
772a9b9c-e5d6-42fe-a09f-7fedea7d058a	84e3780a-1408-414f-a3f9-8b697212dee8	114e2c84-cf03-47a9-abae-b3edd6911ded	1	Bases: Arroz, Quinua\nToppings: Guacamole, Maíz tierno\nProteína: Carne desmechada
99f833f1-dcd6-4d19-b60a-f70f21c8599e	8c0a6d5d-a44f-4e77-a58f-1ed3aa46e2f8	114e2c84-cf03-47a9-abae-b3edd6911ded	1	Bases: Quinua, Pasta\nToppings: Maíz tierno, Guacamole, Tocineta, Pico de gallo\nProteína: Carne desmechada
67813fc2-19fe-43f2-af07-cb15b0378795	a9c4d9c3-9fd0-4a5d-a596-49391c8b6e97	114e2c84-cf03-47a9-abae-b3edd6911ded	1	Bases: Arroz\nToppings: Guacamole, Pico de gallo, Champiñones, Chips de arracacha\nProteína: Carne desmechada
aa8d1b2b-0ffd-49aa-af91-f99a700f06fe	a9c4d9c3-9fd0-4a5d-a596-49391c8b6e97	35a41129-ef96-43e6-8ebc-7c14c4d26605	1	\N
56cdb702-a2b1-4552-8e25-90c90a29ce86	a9c4d9c3-9fd0-4a5d-a596-49391c8b6e97	36d50cac-2255-4963-b89a-6d7e29450faf	1	\N
2685593c-5f2c-454b-95ab-ce23199a1cac	372c271f-a9f8-475c-a435-9ad38cfe8452	114e2c84-cf03-47a9-abae-b3edd6911ded	1	Bases: Pasta, Quinua\nToppings: Champiñones, Guacamole, Pico de gallo, Tocineta\nProteína: Pechuga de pollo
a1a5328a-0e38-4836-9927-5999f9ddcc7a	1e7903f4-5f1f-4014-900b-2aaf89e3335c	114e2c84-cf03-47a9-abae-b3edd6911ded	1	Bases: Arroz\nToppings: Maíz tierno, Guacamole, Chips de arracacha, Tocineta\nProteína: Pechuga de pollo
e327f4bd-ad1b-4f7e-a618-41477f06731c	1e7903f4-5f1f-4014-900b-2aaf89e3335c	a551c5fe-bf6e-4d9d-a396-22d2147c309d	1	\N
991757b6-3d0e-46ca-8bbe-f556063fa1f1	1e7903f4-5f1f-4014-900b-2aaf89e3335c	ed348c8c-f11a-401a-8865-5ede23240268	1	\N
3cb1c6a1-f23d-48bd-870d-6f7e0b79d18d	1e7903f4-5f1f-4014-900b-2aaf89e3335c	a1a2c0c2-0779-46b4-87cc-f47473361928	1	\N
99cfc5cd-746a-404c-a110-29a275b7eca1	74881c76-1128-42b6-b4b3-bef2d0b373fc	d4f6e89a-8cbe-4ecd-b524-b731b1223b24	1	\N
c43284bf-4a95-43fd-bdc9-5a403e1cd3fe	74881c76-1128-42b6-b4b3-bef2d0b373fc	36d50cac-2255-4963-b89a-6d7e29450faf	1	\N
f9e27ab2-73be-48e9-a32d-387cfb5485b3	790f8f62-0524-48f1-8b39-4b75ad9b4dc4	fa107d92-d59b-4686-b51f-7df33766c361	1	\N
63d0a8e1-ff00-4da2-8fcd-cb1602940369	790f8f62-0524-48f1-8b39-4b75ad9b4dc4	d91e4dd0-47a5-46fc-bf29-35b764305016	1	\N
bee4e097-b8bb-436d-b2a3-b48a2e483915	790f8f62-0524-48f1-8b39-4b75ad9b4dc4	7f82e02d-0f16-4a9d-9681-5dd06edbdc0f	2	\N
fbb2849d-02c8-4153-b74f-d2e833cb464d	84fd6b62-e81a-42c9-aba6-c7e4b7c346b9	c3704705-037f-40c4-976c-d0576e944b21	1	\N
154bf1fb-5e96-4c05-9c73-15ff0e910a71	84fd6b62-e81a-42c9-aba6-c7e4b7c346b9	36d50cac-2255-4963-b89a-6d7e29450faf	1	\N
48504395-9d36-4bb4-9ec1-001321e791c4	84fd6b62-e81a-42c9-aba6-c7e4b7c346b9	c7572bb3-01f8-4c66-a3e3-0c262093761c	1	\N
540aa0e3-1025-46f5-ae68-388594b91481	d93b26a7-a9a7-4d32-a8b3-2f10348eed3b	114e2c84-cf03-47a9-abae-b3edd6911ded	1	Bases: Arroz\nToppings: Maíz tierno, Champiñones, Pico de gallo, Tocineta\nProteína: Pechuga de pollo
6b34db83-7af4-4fa6-b679-1d7ff8ba005f	2b544ab7-4578-49c2-b9a1-e30b7cc74e9c	fa107d92-d59b-4686-b51f-7df33766c361	1	\N
c9d4cc15-f951-416d-830e-a4f1a468837b	2b544ab7-4578-49c2-b9a1-e30b7cc74e9c	7e4177df-0f44-4162-b0b8-0a8a7b6bd97b	1	\N
e1b3e5df-9536-4031-abed-17ed52750142	8375d937-7e14-4b3c-b288-b8662564ecd9	35a41129-ef96-43e6-8ebc-7c14c4d26605	2	\N
ed2a713c-2e18-44a6-ab3c-a4be4ae621a7	8841efbe-6ac4-432a-8942-eee5a39a9707	35a41129-ef96-43e6-8ebc-7c14c4d26605	2	\N
9089b23e-fb8b-4b36-bc2b-ab7b5248ba18	8841efbe-6ac4-432a-8942-eee5a39a9707	7f82e02d-0f16-4a9d-9681-5dd06edbdc0f	1	\N
d0390fc7-f401-4d0d-8398-c3a31f922786	def5fbaa-aaa3-4dfb-bb85-fbf226d33742	114e2c84-cf03-47a9-abae-b3edd6911ded	2	Bases: Arroz\nToppings: Maíz tierno, Guacamole, Tocineta, Queso feta\nProteína: Pechuga de pollo
64b93b42-4f1e-4429-8655-9e11c9382638	8ce8bca1-ae93-4cc9-bf25-ee50375c879a	60c3451b-db1a-45f4-8480-585e01fe2242	1	\N
c62f20bb-3a38-46d8-9e45-8b53860b4d62	8ce8bca1-ae93-4cc9-bf25-ee50375c879a	7f82e02d-0f16-4a9d-9681-5dd06edbdc0f	1	\N
b72ebec0-6b0a-403d-9942-905bd1db98a1	cc9565d7-9aea-4646-adaf-57f47d028f27	114e2c84-cf03-47a9-abae-b3edd6911ded	1	Bases: Quinua\nToppings: Guacamole, Pico de gallo, Zanahoria, Pepino\nProteína: Pechuga de pollo
2cec707c-8ba6-4077-b3eb-891d16f767af	cc9565d7-9aea-4646-adaf-57f47d028f27	7e4177df-0f44-4162-b0b8-0a8a7b6bd97b	1	\N
5ac10c37-5041-47e6-b62e-037284340a89	cc9565d7-9aea-4646-adaf-57f47d028f27	c7572bb3-01f8-4c66-a3e3-0c262093761c	1	\N
71a622ce-6a5b-44c8-b49b-84f23aad697a	5e6d7fc1-4fed-4b27-b375-448b3f377b94	a551c5fe-bf6e-4d9d-a396-22d2147c309d	1	\N
7c3e2606-b296-487e-9d5f-6ec8d53f9a10	5e6d7fc1-4fed-4b27-b375-448b3f377b94	20cc1e0f-330e-42b7-b8b9-05c1069d7682	1	Descuento estudiante 10%
3d30d5c8-9a06-4c3a-874a-962c5812774c	4b370a21-06c8-4866-a723-c5d3e26f984f	890a38ce-311d-45f0-b602-f10798189185	1	\N
0d9ce1f3-dc75-40a3-87cd-ab71af96f18c	4b370a21-06c8-4866-a723-c5d3e26f984f	f0970c1d-9ee1-4a8e-a946-58c01aa22b33	2	\N
3e63e0f1-a529-44bf-a0a0-0e31bdb4724c	4b370a21-06c8-4866-a723-c5d3e26f984f	55a58658-65cd-43dd-a160-6449b3f38a1c	2	\N
970cd2e5-a87f-4701-9247-9df78407ecb1	4b370a21-06c8-4866-a723-c5d3e26f984f	35a41129-ef96-43e6-8ebc-7c14c4d26605	1	\N
452cdc12-7261-4773-a142-0a2aaad5d9be	9c6f9d35-e162-424e-9ad4-f7f82a85091c	a923676d-77da-4843-9df2-8eb637965cb4	1	\N
cf1e2a84-232d-4351-9b61-d69f2ad74632	9c6f9d35-e162-424e-9ad4-f7f82a85091c	d91e4dd0-47a5-46fc-bf29-35b764305016	1	\N
8a5507fb-b9d7-4577-8b11-026a88f8358c	eee81f51-c7e3-449d-94d9-f1a8eac8d7c5	a551c5fe-bf6e-4d9d-a396-22d2147c309d	1	\N
9e632bac-8694-4669-8287-de1b9fdc72d1	eee81f51-c7e3-449d-94d9-f1a8eac8d7c5	36d50cac-2255-4963-b89a-6d7e29450faf	1	\N
4ddc75bc-f662-492b-a430-5946c98b4bbd	53f3db87-88a3-46f1-86eb-ce772d633522	7f82e02d-0f16-4a9d-9681-5dd06edbdc0f	1	\N
034f7797-1a23-441d-854d-656ae32fec7f	b768eee7-05f8-4d6b-8354-2467dce62a33	996be55c-5666-42fd-bb8b-4ef44cd82194	1	\N
a7a0168f-21ef-418c-851e-3c895d92fdc8	3947d778-450a-46ba-ab24-e479d68f153a	b3595ec8-1cb5-4a44-9dc4-c25a65b47b0e	1	\N
da62b45a-3737-44e8-96bf-2a374785ef22	3947d778-450a-46ba-ab24-e479d68f153a	f0970c1d-9ee1-4a8e-a946-58c01aa22b33	1	\N
6b1ca78d-acbd-4ba1-8e23-8be30c856410	27205744-eba1-47ca-8ccf-53bbece06870	20cc1e0f-330e-42b7-b8b9-05c1069d7682	2	Descuento estudiante 10%
0d911806-7174-4e73-9dbe-664889879a2d	27205744-eba1-47ca-8ccf-53bbece06870	ed348c8c-f11a-401a-8865-5ede23240268	1	\N
e9d138b8-ef89-4148-8b43-3b38edd9453b	2526a849-2df8-45f4-8759-fcc9fccc5879	890a38ce-311d-45f0-b602-f10798189185	1	\N
78e5e31b-212b-41fe-b5b2-ecba632e0fba	2526a849-2df8-45f4-8759-fcc9fccc5879	2ea1c1da-ad0a-41d8-978e-8a5ab618ef6f	1	\N
a1249080-d965-43cc-86e0-bd7df58872b2	2526a849-2df8-45f4-8759-fcc9fccc5879	35a41129-ef96-43e6-8ebc-7c14c4d26605	1	\N
ab7c08d3-1838-4630-936b-7c745db1aa03	80af7c80-e1a5-41d6-854f-89c30d7370b0	36d50cac-2255-4963-b89a-6d7e29450faf	1	\N
5610ffaa-be58-47c4-93b2-b1271ce3987d	effe1e6c-0162-44da-8c7f-3ee141684312	114e2c84-cf03-47a9-abae-b3edd6911ded	1	Bases: Pasta, Quinua\nToppings: Maíz tierno, Guacamole, Tocineta, Champiñones\nProteína: Carne desmechada
7e04bbfa-9c81-4ed7-9a97-2fcb8ef94536	effe1e6c-0162-44da-8c7f-3ee141684312	c7572bb3-01f8-4c66-a3e3-0c262093761c	1	\N
176f69f3-da94-4720-b569-c05745d354af	9279c262-1011-4f28-833b-f2d622f84b96	114e2c84-cf03-47a9-abae-b3edd6911ded	2	Bases: Arroz, Pasta\nToppings: Maíz tierno, Guacamole, Tocineta, Queso feta\nProteína: Carne desmechada
4ca4da5e-3336-4a65-9a9e-e8deb0b0e165	aa2ab64d-4ae1-43f0-9fd2-6c2fe9b7b81e	114e2c84-cf03-47a9-abae-b3edd6911ded	1	Bases: Arroz, Quinua\nToppings: Maíz tierno, Pepino, Tocineta, Zanahoria\nProteína: Pechuga de pollo
c69b9a83-ba41-44d3-ad60-fdba3c847d59	aa2ab64d-4ae1-43f0-9fd2-6c2fe9b7b81e	114e2c84-cf03-47a9-abae-b3edd6911ded	1	Bases: Arroz, Quinua\nToppings: Maíz tierno, Champiñones, Tocineta, Queso feta\nProteína: Carne desmechada
ba9c9fef-7c27-42d7-b979-b43c2682f663	885f25fe-e467-448a-aee5-6c431457131d	114e2c84-cf03-47a9-abae-b3edd6911ded	1	Bases: Pasta\nToppings: Tocineta, Queso feta, Champiñones, Pico de gallo\nProteína: Pechuga de pollo
69403be7-c668-4c23-a47e-0e69159a1ee5	885f25fe-e467-448a-aee5-6c431457131d	c7572bb3-01f8-4c66-a3e3-0c262093761c	1	\N
13ecd076-cf1a-4d7f-9dac-87c37b3ee8e9	26fd1d3c-b792-4152-861b-0d28e7b03eff	b3595ec8-1cb5-4a44-9dc4-c25a65b47b0e	1	Descuento estudiante 10%
4e61b630-58ab-4da2-9ebf-2ed35d2ccc36	2ab7a9ff-7cec-4359-9d88-9b0c1ac4b889	114e2c84-cf03-47a9-abae-b3edd6911ded	1	Bases: Arroz\nToppings: Maíz tierno, Pico de gallo, Tocineta, Queso feta\nProteína: Pechuga de pollo
b8e755fd-7206-49ca-b374-9cd1a02cd151	2ab7a9ff-7cec-4359-9d88-9b0c1ac4b889	35a41129-ef96-43e6-8ebc-7c14c4d26605	1	\N
ec370f84-d354-4d33-bc56-1808c1d290ad	2ab7a9ff-7cec-4359-9d88-9b0c1ac4b889	36d50cac-2255-4963-b89a-6d7e29450faf	1	\N
fe7502e6-3387-4c01-9a1c-faefa6af598d	229c6e19-de1a-4e2b-bb27-68f040a4ced7	114e2c84-cf03-47a9-abae-b3edd6911ded	1	Bases: Arroz\nToppings: Guacamole, Zanahoria, Tocineta\nProteína: Pechuga de pollo
ab452098-6c5e-438e-9619-bd79bfbfd54e	74ca0fac-19e0-413c-9652-128576a71930	20cc1e0f-330e-42b7-b8b9-05c1069d7682	1	Descuento estudiante 10%
504a42bb-b6ea-4919-90e0-cf9be3cecde0	7639b042-a383-4fe1-9bec-ca43644f6964	ed348c8c-f11a-401a-8865-5ede23240268	1	\N
12000f00-5f67-4364-8277-66aaecaa3d70	469710ef-38d1-42f7-9394-67c6d1c8cc54	b68386e8-b73e-422b-a5b6-47d622faac19	1	Descuento estudiante 10%
6efda92d-44f5-48e4-837d-9dda0e31d8b6	469710ef-38d1-42f7-9394-67c6d1c8cc54	114e2c84-cf03-47a9-abae-b3edd6911ded	1	Bases: Arroz\nToppings: Guacamole, Tocineta, Chips de arracacha, Queso feta\nProteína: Carne desmechada
4c1aa657-73fc-4a30-8b1d-bfde4f35b3d5	469710ef-38d1-42f7-9394-67c6d1c8cc54	a551c5fe-bf6e-4d9d-a396-22d2147c309d	1	\N
7ad161d7-fa68-4679-bce5-b1a5dc008696	725c724a-163f-45a2-afb3-83f4ae55f354	522d937d-7d2d-4c3a-b785-f692a09b8a37	1	\N
671198f2-9319-4d4e-8328-de18983fc27f	725c724a-163f-45a2-afb3-83f4ae55f354	7f82e02d-0f16-4a9d-9681-5dd06edbdc0f	1	\N
90dde1ca-b04b-44eb-9d41-afefdce85218	725c724a-163f-45a2-afb3-83f4ae55f354	febcfb4f-bc51-4719-89dd-765ed174f19b	1	\N
d91938ec-f315-4c1c-abb1-77fa6ac84a22	be065d1f-309c-4856-8144-d869edcf2e28	d4f6e89a-8cbe-4ecd-b524-b731b1223b24	1	\N
fb5698f2-ec8f-4007-aab3-78ef92d2baa7	b34d281c-e033-4f8d-817b-5b785e334483	31a6d560-88e6-45ec-9177-0625136ffe22	1	\N
fb768158-08ef-477c-be6f-ad6c6753e966	880329d3-dbc3-4da2-99a1-727a8ab0ec81	7f82e02d-0f16-4a9d-9681-5dd06edbdc0f	1	\N
bb0c0831-d369-4405-bebc-c23d1aad04be	880329d3-dbc3-4da2-99a1-727a8ab0ec81	153a1ea3-1420-4d88-b427-c23254b00bde	1	\N
79f85a81-1512-4322-a026-74da7654ad7b	ab4edcbd-8ea8-4aa5-a3de-7c2f6271e83c	3bb93296-c6c5-456a-b165-73c1a20a3134	1	\N
ead3b238-365e-4d91-a168-dfce0e9596ef	ab4edcbd-8ea8-4aa5-a3de-7c2f6271e83c	7f82e02d-0f16-4a9d-9681-5dd06edbdc0f	1	\N
e08bba57-8a2c-4a62-9966-96d83070f278	6c9ad3e1-a7f2-4517-bc32-d1cacaa7a749	a551c5fe-bf6e-4d9d-a396-22d2147c309d	1	\N
58817957-6455-4347-bdc9-0fbdf9297d64	19974827-30ec-485c-955b-a6cf9d26bd06	31a6d560-88e6-45ec-9177-0625136ffe22	1	\N
fb96aedf-35fc-487e-baa8-6676ec94272e	19974827-30ec-485c-955b-a6cf9d26bd06	d91e4dd0-47a5-46fc-bf29-35b764305016	1	\N
e43e5ea0-af16-492a-8a3b-814917e203d2	299b4299-7d59-4277-aa73-0fc42e0f5586	b3595ec8-1cb5-4a44-9dc4-c25a65b47b0e	1	\N
c9a916dd-2c61-46ff-b3ff-c78c04d6fc84	299b4299-7d59-4277-aa73-0fc42e0f5586	c7572bb3-01f8-4c66-a3e3-0c262093761c	1	\N
eaacda64-9ad0-44ff-92e8-354434eeb18c	3043bd93-98af-49a4-b479-a5c2b3d0ff4a	522d937d-7d2d-4c3a-b785-f692a09b8a37	1	\N
41991733-2b9d-4c9e-8a22-7ed74a56b1ff	3043bd93-98af-49a4-b479-a5c2b3d0ff4a	36d50cac-2255-4963-b89a-6d7e29450faf	1	\N
68bca9f2-9356-4549-874a-704dc5040613	1d11dfbc-0ca8-4ffa-9101-4716e9891ce6	b68386e8-b73e-422b-a5b6-47d622faac19	2	Descuento estudiante 10%
4b90809e-4b54-4b54-a054-320de5f63421	1d11dfbc-0ca8-4ffa-9101-4716e9891ce6	3bb93296-c6c5-456a-b165-73c1a20a3134	2	\N
ca0d45ba-e6a2-44a2-b8fd-51956339e1b3	1d11dfbc-0ca8-4ffa-9101-4716e9891ce6	f0970c1d-9ee1-4a8e-a946-58c01aa22b33	1	\N
35bc0fb6-fd1f-44d3-abfa-5afe55062488	9985e3dd-56b0-4337-b483-7ba98ae3b193	f0970c1d-9ee1-4a8e-a946-58c01aa22b33	1	\N
\.


--
-- Data for Name: users; Type: TABLE DATA; Schema: public; Owner: postgres
--

COPY "public"."users" ("id", "username", "email", "created_at") FROM stdin;
\.


--
-- PostgreSQL database dump complete
--

RESET ALL;
